-- MySQL dump 10.13  Distrib 8.0.46, for Win64 (x86_64)
--
-- Host: localhost    Database: recroot
-- ------------------------------------------------------
-- Server version	8.0.46

/*!40101 SET @OLD_CHARACTER_SET_CLIENT=@@CHARACTER_SET_CLIENT */;
/*!40101 SET @OLD_CHARACTER_SET_RESULTS=@@CHARACTER_SET_RESULTS */;
/*!40101 SET @OLD_COLLATION_CONNECTION=@@COLLATION_CONNECTION */;
/*!50503 SET NAMES utf8mb4 */;
/*!40103 SET @OLD_TIME_ZONE=@@TIME_ZONE */;
/*!40103 SET TIME_ZONE='+00:00' */;
/*!40014 SET @OLD_UNIQUE_CHECKS=@@UNIQUE_CHECKS, UNIQUE_CHECKS=0 */;
/*!40014 SET @OLD_FOREIGN_KEY_CHECKS=@@FOREIGN_KEY_CHECKS, FOREIGN_KEY_CHECKS=0 */;
/*!40101 SET @OLD_SQL_MODE=@@SQL_MODE, SQL_MODE='NO_AUTO_VALUE_ON_ZERO' */;
/*!40111 SET @OLD_SQL_NOTES=@@SQL_NOTES, SQL_NOTES=0 */;

--
-- Table structure for table `applications`
--

DROP TABLE IF EXISTS `applications`;
/*!40101 SET @saved_cs_client     = @@character_set_client */;
/*!50503 SET character_set_client = utf8mb4 */;
CREATE TABLE `applications` (
  `application_id` int NOT NULL AUTO_INCREMENT,
  `candidate_id` int NOT NULL,
  `job_id` int NOT NULL,
  `resume_id` int DEFAULT NULL,
  `status` enum('pending','shortlisted','rejected','interview_scheduled','hired') DEFAULT 'pending',
  `ai_score` decimal(5,2) DEFAULT NULL,
  `ai_feedback` text,
  `applied_at` timestamp NULL DEFAULT CURRENT_TIMESTAMP,
  PRIMARY KEY (`application_id`),
  KEY `candidate_id` (`candidate_id`),
  KEY `job_id` (`job_id`),
  KEY `resume_id` (`resume_id`),
  CONSTRAINT `applications_ibfk_1` FOREIGN KEY (`candidate_id`) REFERENCES `candidates` (`candidate_id`),
  CONSTRAINT `applications_ibfk_2` FOREIGN KEY (`job_id`) REFERENCES `jobs` (`job_id`),
  CONSTRAINT `applications_ibfk_3` FOREIGN KEY (`resume_id`) REFERENCES `resumes` (`resume_id`)
) ENGINE=InnoDB AUTO_INCREMENT=7 DEFAULT CHARSET=utf8mb4 COLLATE=utf8mb4_0900_ai_ci;
/*!40101 SET character_set_client = @saved_cs_client */;

--
-- Dumping data for table `applications`
--

LOCK TABLES `applications` WRITE;
/*!40000 ALTER TABLE `applications` DISABLE KEYS */;
INSERT INTO `applications` VALUES (4,2,2,4,'interview_scheduled',20.00,'{\"strengths\": \"Strong CS fundamentals, C/C++/Assembly experience, coding competition background.\", \"gaps\": \"No Python/Flask/MySQL experience, no Docker or REST API background.\", \"questions\": [\"How would you learn Python given your C background?\", \"How can systems programming apply to microservices?\", \"What databases have you used?\", \"How do you handle Git in teams?\", \"How will you adapt to our tech stack?\"]}','2026-05-08 12:56:46'),(5,3,2,5,'interview_scheduled',85.00,'{\"strengths\":\"Strong React and UI/UX skills\",\"gaps\":\"Needs more backend experience\",\"questions\":[\"Explain your React experience\",\"How do you handle API integration?\"]}','2026-05-08 15:20:03'),(6,4,4,21,'interview_scheduled',60.00,'{\"strengths\": \"Laiba has a strong foundation in programming, data structures, and databases, with hands-on experience in building academic software projects in Python, SQL, and other technologies. She also has a strong problem-solving mindset and interest in AI-driven systems. Additionally, she has experience with object-oriented design principles and modular gameplay components.\", \"gaps\": \"Laiba lacks direct experience with machine learning models, TensorFlow, and Docker, which are key requirements for the job. She also doesn\'t have any professional experience in the field, only academic projects and a tutoring experience. Furthermore, her experience with SQL is limited to Oracle SQL, and it\'s unclear if she has experience with other SQL databases.\", \"questions\": [\"Can you explain your understanding of machine learning models and how you would approach designing and deploying them?\", \"How do you think your experience with Python and SQL can be applied to a recommendation engine?\", \"Can you walk me through your process for solving complex problems and how you would collaborate with data scientists and backend teams?\", \"How do you plan to learn and adapt to new technologies such as TensorFlow and Docker?\", \"Can you give an example of a project you worked on that involved data analysis or AI-driven systems?\"]}','2026-05-09 06:59:55');
/*!40000 ALTER TABLE `applications` ENABLE KEYS */;
UNLOCK TABLES;
/*!50003 SET @saved_cs_client      = @@character_set_client */ ;
/*!50003 SET @saved_cs_results     = @@character_set_results */ ;
/*!50003 SET @saved_col_connection = @@collation_connection */ ;
/*!50003 SET character_set_client  = cp850 */ ;
/*!50003 SET character_set_results = cp850 */ ;
/*!50003 SET collation_connection  = cp850_general_ci */ ;
/*!50003 SET @saved_sql_mode       = @@sql_mode */ ;
/*!50003 SET sql_mode              = 'ONLY_FULL_GROUP_BY,STRICT_TRANS_TABLES,NO_ZERO_IN_DATE,NO_ZERO_DATE,ERROR_FOR_DIVISION_BY_ZERO,NO_ENGINE_SUBSTITUTION' */ ;
DELIMITER ;;
/*!50003 CREATE*/ /*!50017 DEFINER=`root`@`localhost`*/ /*!50003 TRIGGER `trg_application_status_change` AFTER UPDATE ON `applications` FOR EACH ROW BEGIN
    IF OLD.status != NEW.status THEN
        INSERT INTO notifications (user_id, message)
        SELECT c.user_id, 
               CONCAT('Status changed from ', OLD.status, ' to ', NEW.status, ' for application #', NEW.application_id)
        FROM candidates c
        WHERE c.candidate_id = NEW.candidate_id;
    END IF;
END */;;
DELIMITER ;
/*!50003 SET sql_mode              = @saved_sql_mode */ ;
/*!50003 SET character_set_client  = @saved_cs_client */ ;
/*!50003 SET character_set_results = @saved_cs_results */ ;
/*!50003 SET collation_connection  = @saved_col_connection */ ;

--
-- Table structure for table `candidates`
--

DROP TABLE IF EXISTS `candidates`;
/*!40101 SET @saved_cs_client     = @@character_set_client */;
/*!50503 SET character_set_client = utf8mb4 */;
CREATE TABLE `candidates` (
  `candidate_id` int NOT NULL AUTO_INCREMENT,
  `user_id` int NOT NULL,
  `skills` text,
  `experience_years` int DEFAULT '0',
  `education` varchar(150) DEFAULT NULL,
  PRIMARY KEY (`candidate_id`),
  KEY `user_id` (`user_id`),
  CONSTRAINT `candidates_ibfk_1` FOREIGN KEY (`user_id`) REFERENCES `users` (`user_id`)
) ENGINE=InnoDB AUTO_INCREMENT=5 DEFAULT CHARSET=utf8mb4 COLLATE=utf8mb4_0900_ai_ci;
/*!40101 SET character_set_client = @saved_cs_client */;

--
-- Dumping data for table `candidates`
--

LOCK TABLES `candidates` WRITE;
/*!40000 ALTER TABLE `candidates` DISABLE KEYS */;
INSERT INTO `candidates` VALUES (1,1,'Python, Flask, MySQL',2,'BS Computer Science'),(2,2,'Python, Flask, React, MySQL',2,'BS Computer Science'),(3,5,'React, Node.js, UI/UX',2,'BS Computer Science'),(4,6,NULL,0,NULL);
/*!40000 ALTER TABLE `candidates` ENABLE KEYS */;
UNLOCK TABLES;

--
-- Table structure for table `companies`
--

DROP TABLE IF EXISTS `companies`;
/*!40101 SET @saved_cs_client     = @@character_set_client */;
/*!50503 SET character_set_client = utf8mb4 */;
CREATE TABLE `companies` (
  `company_id` int NOT NULL AUTO_INCREMENT,
  `user_id` int NOT NULL,
  `company_name` varchar(150) NOT NULL,
  `industry` varchar(100) DEFAULT NULL,
  `location` varchar(150) DEFAULT NULL,
  `created_at` timestamp NULL DEFAULT CURRENT_TIMESTAMP,
  PRIMARY KEY (`company_id`),
  KEY `user_id` (`user_id`),
  CONSTRAINT `companies_ibfk_1` FOREIGN KEY (`user_id`) REFERENCES `users` (`user_id`)
) ENGINE=InnoDB AUTO_INCREMENT=8 DEFAULT CHARSET=utf8mb4 COLLATE=utf8mb4_0900_ai_ci;
/*!40101 SET character_set_client = @saved_cs_client */;

--
-- Dumping data for table `companies`
--

LOCK TABLES `companies` WRITE;
/*!40000 ALTER TABLE `companies` DISABLE KEYS */;
INSERT INTO `companies` VALUES (3,1,'DataFlow Systems','Data Engineering','Lahore','2026-05-08 11:36:49'),(4,1,'CloudNine Solutions','Cloud Computing','Islamabad','2026-05-08 11:36:49'),(5,1,'WebWorks Agency','Web Development','Karachi','2026-05-08 11:36:49'),(6,1,'AI Innovations','Artificial Intelligence','Remote','2026-05-08 11:36:49'),(7,4,'TechCorp','Software','Karachi','2026-05-08 13:13:08');
/*!40000 ALTER TABLE `companies` ENABLE KEYS */;
UNLOCK TABLES;

--
-- Table structure for table `interviews`
--

DROP TABLE IF EXISTS `interviews`;
/*!40101 SET @saved_cs_client     = @@character_set_client */;
/*!50503 SET character_set_client = utf8mb4 */;
CREATE TABLE `interviews` (
  `interview_id` int NOT NULL AUTO_INCREMENT,
  `application_id` int NOT NULL,
  `scheduled_at` datetime DEFAULT NULL,
  `ai_questions` json DEFAULT NULL,
  `feedback` text,
  PRIMARY KEY (`interview_id`),
  KEY `application_id` (`application_id`),
  CONSTRAINT `interviews_ibfk_1` FOREIGN KEY (`application_id`) REFERENCES `applications` (`application_id`)
) ENGINE=InnoDB AUTO_INCREMENT=9 DEFAULT CHARSET=utf8mb4 COLLATE=utf8mb4_0900_ai_ci;
/*!40101 SET character_set_client = @saved_cs_client */;

--
-- Dumping data for table `interviews`
--

LOCK TABLES `interviews` WRITE;
/*!40000 ALTER TABLE `interviews` DISABLE KEYS */;
INSERT INTO `interviews` VALUES (1,5,'2026-05-16 17:25:00','null',NULL),(2,5,'2026-05-09 23:55:00','null',NULL),(3,5,'2026-05-09 23:55:00','null',NULL),(4,5,'2026-05-09 23:55:00','null',NULL),(5,5,'2026-05-09 23:55:00','null',NULL),(6,5,'2026-05-09 23:55:00','null',NULL),(7,5,'2026-05-09 23:55:00','null',NULL),(8,5,'2026-05-09 23:55:00','null',NULL);
/*!40000 ALTER TABLE `interviews` ENABLE KEYS */;
UNLOCK TABLES;

--
-- Table structure for table `jobs`
--

DROP TABLE IF EXISTS `jobs`;
/*!40101 SET @saved_cs_client     = @@character_set_client */;
/*!50503 SET character_set_client = utf8mb4 */;
CREATE TABLE `jobs` (
  `job_id` int NOT NULL AUTO_INCREMENT,
  `company_id` int NOT NULL,
  `title` varchar(150) NOT NULL,
  `description` text,
  `requirements` text,
  `status` enum('open','closed') DEFAULT 'open',
  `deadline` date DEFAULT NULL,
  `created_at` timestamp NULL DEFAULT CURRENT_TIMESTAMP,
  `job_type` varchar(20) DEFAULT 'Full-time',
  `salary_range` varchar(50) DEFAULT NULL,
  `anonymous` tinyint(1) DEFAULT '0',
  PRIMARY KEY (`job_id`),
  KEY `company_id` (`company_id`),
  CONSTRAINT `jobs_ibfk_1` FOREIGN KEY (`company_id`) REFERENCES `companies` (`company_id`)
) ENGINE=InnoDB AUTO_INCREMENT=12 DEFAULT CHARSET=utf8mb4 COLLATE=utf8mb4_0900_ai_ci;
/*!40101 SET character_set_client = @saved_cs_client */;

--
-- Dumping data for table `jobs`
--

LOCK TABLES `jobs` WRITE;
/*!40000 ALTER TABLE `jobs` DISABLE KEYS */;
INSERT INTO `jobs` VALUES (2,7,'Backend Developer','We need a Python developer to build REST APIs using Flask and MySQL. You will work on our core product team building scalable microservices.','Python, Flask, SQL, REST APIs, Docker','open','2026-06-30','2026-05-08 11:36:51','Full-time','180K-300K',0),(3,7,'Data Engineer','Join our data team to build and maintain ETL pipelines. Work with large datasets and ensure data quality across our platform.','Python, SQL, Apache Spark, ETL, AWS','open','2026-07-15','2026-05-08 11:36:51','Contract','200K-350K',0),(4,7,'ML Engineer','Design and deploy machine learning models for our recommendation engine. Collaborate with data scientists and backend teams.','Python, TensorFlow, ML, SQL, Docker','open','2026-07-20','2026-05-08 11:36:51','Full-time','160K-280K',0),(5,7,'DevOps Engineer','Manage our cloud infrastructure on AWS. Automate deployments, monitor system health, and ensure 99.9% uptime.','AWS, Docker, Kubernetes, Terraform, Linux','open','2026-06-25','2026-05-08 11:36:51','Remote','140K-220K',0),(6,7,'Frontend Developer','Build beautiful, responsive UIs using React and modern CSS. Work closely with designers to create pixel-perfect interfaces.','React, JavaScript, CSS, Tailwind, Git','open','2026-07-01','2026-05-08 11:36:51','Hybrid','170K-290K',0),(7,7,'Full Stack Developer','Work across our entire stack from React frontend to Node.js backend. Own features from conception to deployment.','React, Node.js, MongoDB, TypeScript, AWS','open','2026-07-10','2026-05-08 11:36:51','Full-time','120K-200K',0),(8,7,'UI/UX Designer','Design intuitive user experiences for our SaaS products. Create wireframes, prototypes, and conduct user research.','Figma, Adobe XD, User Research, Prototyping','open','2026-06-28','2026-05-08 11:36:51','Internship','40K-60K',0),(9,7,'AI Research Intern','Work on cutting-edge NLP and computer vision projects. Publish papers and contribute to open-source AI tools.','Python, PyTorch, NLP, Computer Vision, Mathematics','open','2026-08-01','2026-05-08 11:36:51','Internship',NULL,0),(10,7,'Test Job','Test job desc','Hard Work','open','2026-06-01','2026-05-09 06:29:09','Full-time',NULL,0),(11,7,'Test Job 2','Hello this is test job, please come and job for us, thank you.','You are the requirement','open','2026-03-12','2026-05-09 06:38:14','Full-time',NULL,0);
/*!40000 ALTER TABLE `jobs` ENABLE KEYS */;
UNLOCK TABLES;

--
-- Table structure for table `notifications`
--

DROP TABLE IF EXISTS `notifications`;
/*!40101 SET @saved_cs_client     = @@character_set_client */;
/*!50503 SET character_set_client = utf8mb4 */;
CREATE TABLE `notifications` (
  `notification_id` int NOT NULL AUTO_INCREMENT,
  `user_id` int NOT NULL,
  `message` text NOT NULL,
  `is_read` tinyint(1) DEFAULT '0',
  `created_at` timestamp NULL DEFAULT CURRENT_TIMESTAMP,
  PRIMARY KEY (`notification_id`),
  KEY `user_id` (`user_id`),
  CONSTRAINT `notifications_ibfk_1` FOREIGN KEY (`user_id`) REFERENCES `users` (`user_id`)
) ENGINE=InnoDB AUTO_INCREMENT=29 DEFAULT CHARSET=utf8mb4 COLLATE=utf8mb4_0900_ai_ci;
/*!40101 SET character_set_client = @saved_cs_client */;

--
-- Dumping data for table `notifications`
--

LOCK TABLES `notifications` WRITE;
/*!40000 ALTER TABLE `notifications` DISABLE KEYS */;
INSERT INTO `notifications` VALUES (1,1,'Status changed from pending to shortlisted for application #1',0,'2026-05-08 07:12:08'),(2,2,'Status changed from pending to shortlisted for application #4',0,'2026-05-08 14:59:55'),(3,2,'Status changed from shortlisted to interview_scheduled for application #4',0,'2026-05-08 15:00:46'),(4,2,'Status changed from interview_scheduled to shortlisted for application #4',0,'2026-05-08 15:05:08'),(5,2,'Status changed from shortlisted to interview_scheduled for application #4',0,'2026-05-08 15:09:05'),(6,5,'Status changed from pending to shortlisted for application #5',0,'2026-05-08 15:20:41'),(7,5,'Status changed from shortlisted to interview_scheduled for application #5',0,'2026-05-08 16:19:23'),(8,5,'Status changed from interview_scheduled to shortlisted for application #5',0,'2026-05-08 16:23:13'),(9,5,'Status changed from shortlisted to interview_scheduled for application #5',0,'2026-05-08 16:25:48'),(10,5,'Status changed from interview_scheduled to shortlisted for application #5',0,'2026-05-08 16:52:25'),(11,5,'Status changed from shortlisted to rejected for application #5',0,'2026-05-08 16:54:00'),(12,5,'Status changed from rejected to interview_scheduled for application #5',0,'2026-05-08 16:56:00'),(13,5,'Status changed from interview_scheduled to shortlisted for application #5',0,'2026-05-08 16:57:08'),(14,5,'Status changed from shortlisted to interview_scheduled for application #5',0,'2026-05-08 16:58:11'),(15,5,'Status changed from interview_scheduled to shortlisted for application #5',0,'2026-05-08 17:00:53'),(16,5,'Status changed from shortlisted to interview_scheduled for application #5',0,'2026-05-08 17:01:30'),(17,5,'Status changed from interview_scheduled to shortlisted for application #5',0,'2026-05-09 11:14:19'),(18,5,'Status changed from shortlisted to interview_scheduled for application #5',0,'2026-05-09 11:17:52'),(19,5,'Status changed from interview_scheduled to shortlisted for application #5',0,'2026-05-09 11:20:21'),(20,5,'Status changed from shortlisted to interview_scheduled for application #5',0,'2026-05-09 11:20:34'),(21,6,'Status changed from pending to interview_scheduled for application #6',0,'2026-05-09 12:00:12'),(22,5,'Status changed from interview_scheduled to shortlisted for application #5',0,'2026-05-09 12:24:58'),(23,5,'Status changed from shortlisted to interview_scheduled for application #5',0,'2026-05-09 12:25:00'),(24,5,'Status changed from interview_scheduled to rejected for application #5',0,'2026-05-09 12:25:07'),(25,5,'Status changed from rejected to shortlisted for application #5',0,'2026-05-09 12:25:10'),(26,5,'Status changed from shortlisted to interview_scheduled for application #5',0,'2026-05-09 12:25:19'),(27,5,'Status changed from interview_scheduled to shortlisted for application #5',0,'2026-05-09 12:28:42'),(28,5,'Status changed from shortlisted to interview_scheduled for application #5',0,'2026-05-09 12:28:45');
/*!40000 ALTER TABLE `notifications` ENABLE KEYS */;
UNLOCK TABLES;

--
-- Table structure for table `resumes`
--

DROP TABLE IF EXISTS `resumes`;
/*!40101 SET @saved_cs_client     = @@character_set_client */;
/*!50503 SET character_set_client = utf8mb4 */;
CREATE TABLE `resumes` (
  `resume_id` int NOT NULL AUTO_INCREMENT,
  `candidate_id` int NOT NULL,
  `file_path` varchar(255) NOT NULL,
  `extracted_text` longtext,
  `uploaded_at` timestamp NULL DEFAULT CURRENT_TIMESTAMP,
  PRIMARY KEY (`resume_id`),
  KEY `candidate_id` (`candidate_id`),
  CONSTRAINT `resumes_ibfk_1` FOREIGN KEY (`candidate_id`) REFERENCES `candidates` (`candidate_id`)
) ENGINE=InnoDB AUTO_INCREMENT=22 DEFAULT CHARSET=utf8mb4 COLLATE=utf8mb4_0900_ai_ci;
/*!40101 SET character_set_client = @saved_cs_client */;

--
-- Dumping data for table `resumes`
--

LOCK TABLES `resumes` WRITE;
/*!40000 ALTER TABLE `resumes` DISABLE KEYS */;
INSERT INTO `resumes` VALUES (1,1,'/uploads/test_resume.pdf','Ahmed Raza - Software Engineer. 2 years experience in Python and Flask. Built REST APIs and database systems. Proficient in MySQL and React.','2026-05-08 07:00:41'),(2,2,'/uploads/ahmed_resume.pdf','Ahmed Raza - Full Stack Developer. Experience in Python, Flask, React, and MySQL. Built REST APIs and database-driven web apps.','2026-05-08 08:10:28'),(3,2,'uploads/CV Ahmed Raza.pdf','AHMED RAZA\nLanguages: C++ (Advanced), C, x86 Assembly (MASM/Irvine32), SQL, JavaScript.\nSystems: Manual Memory Management, Pointer Arithmetic, Stack Frame Analysis, CPU Register Optimization.\nTools/Math: Git, GDB, Raylib, SDL, Visual Studio, Linear Algebra, Probability and Statistics\nCoders Cup (2024, 2025): Solved complex algorithmic and data structure problems under high-pressure, timed\nconditions using C++. Ranked among the top performers at FAST-NUCES Karachi.\nDebug or Die: Traced and resolved critical logical errors and memory leaks in C++ codebases within strict time\nconstraints, demonstrating rapid system analysis.\nCode Roulette: Collaborated on team-based challenges involving high-performance SQL query analysis and C++\noptimization.\nTECHNICAL SKILLS\nTECHNICAL COMPETITIONS\nPROJECTS\nEmail: ahmedkazimx@gmail.com | Phone: +923325413136 | \nWordle Clone | x86 Assembly (MASM)\nDeveloped a bare-metal game using x86 Assembly, interfacing directly with CPU registers (EAX-EDX) and\nmemory addresses to manage state without high-level library overhead.\nOptimized register usage to minimize memory access cycles and implemented manual stack frames for\nprocedure calls.\nUtilized Irvine32 interrupts for hardware-level I/O.\nRV Rich Yet? | C++ & Raylib\nArchitected a modular C++ engine utilizing OOP to decouple the GUI layer from core logic, achieving O(1)\nquestion retrieval for trivia state management.\nManaged manual memory allocation and asset lifecycles in Raylib, ensuring zero memory leaks and stable\nperformance during extended sessions.\nOptimized the execution loop to handle asynchronous input without blocking the rendering thread.\nMaqsad Simulator | C & SDL Library\nEngineered a 2D engine in C using the SDL Library for low-level hardware abstraction of graphics/input.\nOptimized collision detection and sprite rendering via pointer arithmetic and direct memory manipulation.\nImplemented a fixed-time step game loop to ensure frame-rate independent physics and consistent execution.\nEDUCATION\nNational University of Computer and Emerging Sciences (FAST-NUCES) | Karachi, Pakistan Bachelor of Science in\nComputer Science | Expected June 2028\nCore Coursework: Data Structures & Algorithms, Computer Organization & Assembly Language (COAL), Linear\nAlgebra, Discrete Structures, Object-Oriented Programming (OOP), Probability and Statistics (In Progress),\nMultivariable Calculus\nLEADERSHIP AND VOLUNTEER EXPERIENCE\nSoftware Internship | Eden College: Optimized data processing for 100+ applicants using structured documentation,\nreducing data entry errors and improving system processing efficiency.\nLinkedIn | Github\nPROFILE SUMMARY\nSecond-year Computer Science student at FAST-NUCES Karachi with hands-on experience building performance-\nfocused software systems. Comfortable working close to the hardware level and solving problems that require both\nanalytical thinking and practical execution. Looking to apply a strong technical foundation in a real industry\nenvironment where I can contribute and grow.\n','2026-05-08 05:39:51'),(4,2,'uploads/CV Ahmed Raza.pdf','AHMED RAZA\nLanguages: C++ (Advanced), C, x86 Assembly (MASM/Irvine32), SQL, JavaScript.\nSystems: Manual Memory Management, Pointer Arithmetic, Stack Frame Analysis, CPU Register Optimization.\nTools/Math: Git, GDB, Raylib, SDL, Visual Studio, Linear Algebra, Probability and Statistics\nCoders Cup (2024, 2025): Solved complex algorithmic and data structure problems under high-pressure, timed\nconditions using C++. Ranked among the top performers at FAST-NUCES Karachi.\nDebug or Die: Traced and resolved critical logical errors and memory leaks in C++ codebases within strict time\nconstraints, demonstrating rapid system analysis.\nCode Roulette: Collaborated on team-based challenges involving high-performance SQL query analysis and C++\noptimization.\nTECHNICAL SKILLS\nTECHNICAL COMPETITIONS\nPROJECTS\nEmail: ahmedkazimx@gmail.com | Phone: +923325413136 | \nWordle Clone | x86 Assembly (MASM)\nDeveloped a bare-metal game using x86 Assembly, interfacing directly with CPU registers (EAX-EDX) and\nmemory addresses to manage state without high-level library overhead.\nOptimized register usage to minimize memory access cycles and implemented manual stack frames for\nprocedure calls.\nUtilized Irvine32 interrupts for hardware-level I/O.\nRV Rich Yet? | C++ & Raylib\nArchitected a modular C++ engine utilizing OOP to decouple the GUI layer from core logic, achieving O(1)\nquestion retrieval for trivia state management.\nManaged manual memory allocation and asset lifecycles in Raylib, ensuring zero memory leaks and stable\nperformance during extended sessions.\nOptimized the execution loop to handle asynchronous input without blocking the rendering thread.\nMaqsad Simulator | C & SDL Library\nEngineered a 2D engine in C using the SDL Library for low-level hardware abstraction of graphics/input.\nOptimized collision detection and sprite rendering via pointer arithmetic and direct memory manipulation.\nImplemented a fixed-time step game loop to ensure frame-rate independent physics and consistent execution.\nEDUCATION\nNational University of Computer and Emerging Sciences (FAST-NUCES) | Karachi, Pakistan Bachelor of Science in\nComputer Science | Expected June 2028\nCore Coursework: Data Structures & Algorithms, Computer Organization & Assembly Language (COAL), Linear\nAlgebra, Discrete Structures, Object-Oriented Programming (OOP), Probability and Statistics (In Progress),\nMultivariable Calculus\nLEADERSHIP AND VOLUNTEER EXPERIENCE\nSoftware Internship | Eden College: Optimized data processing for 100+ applicants using structured documentation,\nreducing data entry errors and improving system processing efficiency.\nLinkedIn | Github\nPROFILE SUMMARY\nSecond-year Computer Science student at FAST-NUCES Karachi with hands-on experience building performance-\nfocused software systems. Comfortable working close to the hardware level and solving problems that require both\nanalytical thinking and practical execution. Looking to apply a strong technical foundation in a real industry\nenvironment where I can contribute and grow.\n','2026-05-08 07:16:50'),(5,3,'/uploads/simal_resume.pdf','Simal Hassan - Frontend Developer with React and UI/UX experience.','2026-05-08 15:17:51'),(6,3,'uploads/CV Ahmed Raza.pdf','AHMED RAZA\nLanguages: C++ (Advanced), C, x86 Assembly (MASM/Irvine32), SQL, JavaScript.\nSystems: Manual Memory Management, Pointer Arithmetic, Stack Frame Analysis, CPU Register Optimization.\nTools/Math: Git, GDB, Raylib, SDL, Visual Studio, Linear Algebra, Probability and Statistics\nCoders Cup (2024, 2025): Solved complex algorithmic and data structure problems under high-pressure, timed\nconditions using C++. Ranked among the top performers at FAST-NUCES Karachi.\nDebug or Die: Traced and resolved critical logical errors and memory leaks in C++ codebases within strict time\nconstraints, demonstrating rapid system analysis.\nCode Roulette: Collaborated on team-based challenges involving high-performance SQL query analysis and C++\noptimization.\nTECHNICAL SKILLS\nTECHNICAL COMPETITIONS\nPROJECTS\nEmail: ahmedkazimx@gmail.com | Phone: +923325413136 | \nWordle Clone | x86 Assembly (MASM)\nDeveloped a bare-metal game using x86 Assembly, interfacing directly with CPU registers (EAX-EDX) and\nmemory addresses to manage state without high-level library overhead.\nOptimized register usage to minimize memory access cycles and implemented manual stack frames for\nprocedure calls.\nUtilized Irvine32 interrupts for hardware-level I/O.\nRV Rich Yet? | C++ & Raylib\nArchitected a modular C++ engine utilizing OOP to decouple the GUI layer from core logic, achieving O(1)\nquestion retrieval for trivia state management.\nManaged manual memory allocation and asset lifecycles in Raylib, ensuring zero memory leaks and stable\nperformance during extended sessions.\nOptimized the execution loop to handle asynchronous input without blocking the rendering thread.\nMaqsad Simulator | C & SDL Library\nEngineered a 2D engine in C using the SDL Library for low-level hardware abstraction of graphics/input.\nOptimized collision detection and sprite rendering via pointer arithmetic and direct memory manipulation.\nImplemented a fixed-time step game loop to ensure frame-rate independent physics and consistent execution.\nEDUCATION\nNational University of Computer and Emerging Sciences (FAST-NUCES) | Karachi, Pakistan Bachelor of Science in\nComputer Science | Expected June 2028\nCore Coursework: Data Structures & Algorithms, Computer Organization & Assembly Language (COAL), Linear\nAlgebra, Discrete Structures, Object-Oriented Programming (OOP), Probability and Statistics (In Progress),\nMultivariable Calculus\nLEADERSHIP AND VOLUNTEER EXPERIENCE\nSoftware Internship | Eden College: Optimized data processing for 100+ applicants using structured documentation,\nreducing data entry errors and improving system processing efficiency.\nLinkedIn | Github\nPROFILE SUMMARY\nSecond-year Computer Science student at FAST-NUCES Karachi with hands-on experience building performance-\nfocused software systems. Comfortable working close to the hardware level and solving problems that require both\nanalytical thinking and practical execution. Looking to apply a strong technical foundation in a real industry\nenvironment where I can contribute and grow.\n','2026-05-08 10:18:04'),(7,3,'uploads/CV Ahmed Raza.pdf','AHMED RAZA\nLanguages: C++ (Advanced), C, x86 Assembly (MASM/Irvine32), SQL, JavaScript.\nSystems: Manual Memory Management, Pointer Arithmetic, Stack Frame Analysis, CPU Register Optimization.\nTools/Math: Git, GDB, Raylib, SDL, Visual Studio, Linear Algebra, Probability and Statistics\nCoders Cup (2024, 2025): Solved complex algorithmic and data structure problems under high-pressure, timed\nconditions using C++. Ranked among the top performers at FAST-NUCES Karachi.\nDebug or Die: Traced and resolved critical logical errors and memory leaks in C++ codebases within strict time\nconstraints, demonstrating rapid system analysis.\nCode Roulette: Collaborated on team-based challenges involving high-performance SQL query analysis and C++\noptimization.\nTECHNICAL SKILLS\nTECHNICAL COMPETITIONS\nPROJECTS\nEmail: ahmedkazimx@gmail.com | Phone: +923325413136 | \nWordle Clone | x86 Assembly (MASM)\nDeveloped a bare-metal game using x86 Assembly, interfacing directly with CPU registers (EAX-EDX) and\nmemory addresses to manage state without high-level library overhead.\nOptimized register usage to minimize memory access cycles and implemented manual stack frames for\nprocedure calls.\nUtilized Irvine32 interrupts for hardware-level I/O.\nRV Rich Yet? | C++ & Raylib\nArchitected a modular C++ engine utilizing OOP to decouple the GUI layer from core logic, achieving O(1)\nquestion retrieval for trivia state management.\nManaged manual memory allocation and asset lifecycles in Raylib, ensuring zero memory leaks and stable\nperformance during extended sessions.\nOptimized the execution loop to handle asynchronous input without blocking the rendering thread.\nMaqsad Simulator | C & SDL Library\nEngineered a 2D engine in C using the SDL Library for low-level hardware abstraction of graphics/input.\nOptimized collision detection and sprite rendering via pointer arithmetic and direct memory manipulation.\nImplemented a fixed-time step game loop to ensure frame-rate independent physics and consistent execution.\nEDUCATION\nNational University of Computer and Emerging Sciences (FAST-NUCES) | Karachi, Pakistan Bachelor of Science in\nComputer Science | Expected June 2028\nCore Coursework: Data Structures & Algorithms, Computer Organization & Assembly Language (COAL), Linear\nAlgebra, Discrete Structures, Object-Oriented Programming (OOP), Probability and Statistics (In Progress),\nMultivariable Calculus\nLEADERSHIP AND VOLUNTEER EXPERIENCE\nSoftware Internship | Eden College: Optimized data processing for 100+ applicants using structured documentation,\nreducing data entry errors and improving system processing efficiency.\nLinkedIn | Github\nPROFILE SUMMARY\nSecond-year Computer Science student at FAST-NUCES Karachi with hands-on experience building performance-\nfocused software systems. Comfortable working close to the hardware level and solving problems that require both\nanalytical thinking and practical execution. Looking to apply a strong technical foundation in a real industry\nenvironment where I can contribute and grow.\n','2026-05-08 10:18:28'),(8,3,'uploads/CV Ahmed Raza.pdf','AHMED RAZA\nLanguages: C++ (Advanced), C, x86 Assembly (MASM/Irvine32), SQL, JavaScript.\nSystems: Manual Memory Management, Pointer Arithmetic, Stack Frame Analysis, CPU Register Optimization.\nTools/Math: Git, GDB, Raylib, SDL, Visual Studio, Linear Algebra, Probability and Statistics\nCoders Cup (2024, 2025): Solved complex algorithmic and data structure problems under high-pressure, timed\nconditions using C++. Ranked among the top performers at FAST-NUCES Karachi.\nDebug or Die: Traced and resolved critical logical errors and memory leaks in C++ codebases within strict time\nconstraints, demonstrating rapid system analysis.\nCode Roulette: Collaborated on team-based challenges involving high-performance SQL query analysis and C++\noptimization.\nTECHNICAL SKILLS\nTECHNICAL COMPETITIONS\nPROJECTS\nEmail: ahmedkazimx@gmail.com | Phone: +923325413136 | \nWordle Clone | x86 Assembly (MASM)\nDeveloped a bare-metal game using x86 Assembly, interfacing directly with CPU registers (EAX-EDX) and\nmemory addresses to manage state without high-level library overhead.\nOptimized register usage to minimize memory access cycles and implemented manual stack frames for\nprocedure calls.\nUtilized Irvine32 interrupts for hardware-level I/O.\nRV Rich Yet? | C++ & Raylib\nArchitected a modular C++ engine utilizing OOP to decouple the GUI layer from core logic, achieving O(1)\nquestion retrieval for trivia state management.\nManaged manual memory allocation and asset lifecycles in Raylib, ensuring zero memory leaks and stable\nperformance during extended sessions.\nOptimized the execution loop to handle asynchronous input without blocking the rendering thread.\nMaqsad Simulator | C & SDL Library\nEngineered a 2D engine in C using the SDL Library for low-level hardware abstraction of graphics/input.\nOptimized collision detection and sprite rendering via pointer arithmetic and direct memory manipulation.\nImplemented a fixed-time step game loop to ensure frame-rate independent physics and consistent execution.\nEDUCATION\nNational University of Computer and Emerging Sciences (FAST-NUCES) | Karachi, Pakistan Bachelor of Science in\nComputer Science | Expected June 2028\nCore Coursework: Data Structures & Algorithms, Computer Organization & Assembly Language (COAL), Linear\nAlgebra, Discrete Structures, Object-Oriented Programming (OOP), Probability and Statistics (In Progress),\nMultivariable Calculus\nLEADERSHIP AND VOLUNTEER EXPERIENCE\nSoftware Internship | Eden College: Optimized data processing for 100+ applicants using structured documentation,\nreducing data entry errors and improving system processing efficiency.\nLinkedIn | Github\nPROFILE SUMMARY\nSecond-year Computer Science student at FAST-NUCES Karachi with hands-on experience building performance-\nfocused software systems. Comfortable working close to the hardware level and solving problems that require both\nanalytical thinking and practical execution. Looking to apply a strong technical foundation in a real industry\nenvironment where I can contribute and grow.\n','2026-05-08 10:18:32'),(9,3,'uploads/CV Ahmed Raza.pdf','AHMED RAZA\nLanguages: C++ (Advanced), C, x86 Assembly (MASM/Irvine32), SQL, JavaScript.\nSystems: Manual Memory Management, Pointer Arithmetic, Stack Frame Analysis, CPU Register Optimization.\nTools/Math: Git, GDB, Raylib, SDL, Visual Studio, Linear Algebra, Probability and Statistics\nCoders Cup (2024, 2025): Solved complex algorithmic and data structure problems under high-pressure, timed\nconditions using C++. Ranked among the top performers at FAST-NUCES Karachi.\nDebug or Die: Traced and resolved critical logical errors and memory leaks in C++ codebases within strict time\nconstraints, demonstrating rapid system analysis.\nCode Roulette: Collaborated on team-based challenges involving high-performance SQL query analysis and C++\noptimization.\nTECHNICAL SKILLS\nTECHNICAL COMPETITIONS\nPROJECTS\nEmail: ahmedkazimx@gmail.com | Phone: +923325413136 | \nWordle Clone | x86 Assembly (MASM)\nDeveloped a bare-metal game using x86 Assembly, interfacing directly with CPU registers (EAX-EDX) and\nmemory addresses to manage state without high-level library overhead.\nOptimized register usage to minimize memory access cycles and implemented manual stack frames for\nprocedure calls.\nUtilized Irvine32 interrupts for hardware-level I/O.\nRV Rich Yet? | C++ & Raylib\nArchitected a modular C++ engine utilizing OOP to decouple the GUI layer from core logic, achieving O(1)\nquestion retrieval for trivia state management.\nManaged manual memory allocation and asset lifecycles in Raylib, ensuring zero memory leaks and stable\nperformance during extended sessions.\nOptimized the execution loop to handle asynchronous input without blocking the rendering thread.\nMaqsad Simulator | C & SDL Library\nEngineered a 2D engine in C using the SDL Library for low-level hardware abstraction of graphics/input.\nOptimized collision detection and sprite rendering via pointer arithmetic and direct memory manipulation.\nImplemented a fixed-time step game loop to ensure frame-rate independent physics and consistent execution.\nEDUCATION\nNational University of Computer and Emerging Sciences (FAST-NUCES) | Karachi, Pakistan Bachelor of Science in\nComputer Science | Expected June 2028\nCore Coursework: Data Structures & Algorithms, Computer Organization & Assembly Language (COAL), Linear\nAlgebra, Discrete Structures, Object-Oriented Programming (OOP), Probability and Statistics (In Progress),\nMultivariable Calculus\nLEADERSHIP AND VOLUNTEER EXPERIENCE\nSoftware Internship | Eden College: Optimized data processing for 100+ applicants using structured documentation,\nreducing data entry errors and improving system processing efficiency.\nLinkedIn | Github\nPROFILE SUMMARY\nSecond-year Computer Science student at FAST-NUCES Karachi with hands-on experience building performance-\nfocused software systems. Comfortable working close to the hardware level and solving problems that require both\nanalytical thinking and practical execution. Looking to apply a strong technical foundation in a real industry\nenvironment where I can contribute and grow.\n','2026-05-08 10:18:33'),(10,3,'uploads/CV Ahmed Raza.pdf','AHMED RAZA\nLanguages: C++ (Advanced), C, x86 Assembly (MASM/Irvine32), SQL, JavaScript.\nSystems: Manual Memory Management, Pointer Arithmetic, Stack Frame Analysis, CPU Register Optimization.\nTools/Math: Git, GDB, Raylib, SDL, Visual Studio, Linear Algebra, Probability and Statistics\nCoders Cup (2024, 2025): Solved complex algorithmic and data structure problems under high-pressure, timed\nconditions using C++. Ranked among the top performers at FAST-NUCES Karachi.\nDebug or Die: Traced and resolved critical logical errors and memory leaks in C++ codebases within strict time\nconstraints, demonstrating rapid system analysis.\nCode Roulette: Collaborated on team-based challenges involving high-performance SQL query analysis and C++\noptimization.\nTECHNICAL SKILLS\nTECHNICAL COMPETITIONS\nPROJECTS\nEmail: ahmedkazimx@gmail.com | Phone: +923325413136 | \nWordle Clone | x86 Assembly (MASM)\nDeveloped a bare-metal game using x86 Assembly, interfacing directly with CPU registers (EAX-EDX) and\nmemory addresses to manage state without high-level library overhead.\nOptimized register usage to minimize memory access cycles and implemented manual stack frames for\nprocedure calls.\nUtilized Irvine32 interrupts for hardware-level I/O.\nRV Rich Yet? | C++ & Raylib\nArchitected a modular C++ engine utilizing OOP to decouple the GUI layer from core logic, achieving O(1)\nquestion retrieval for trivia state management.\nManaged manual memory allocation and asset lifecycles in Raylib, ensuring zero memory leaks and stable\nperformance during extended sessions.\nOptimized the execution loop to handle asynchronous input without blocking the rendering thread.\nMaqsad Simulator | C & SDL Library\nEngineered a 2D engine in C using the SDL Library for low-level hardware abstraction of graphics/input.\nOptimized collision detection and sprite rendering via pointer arithmetic and direct memory manipulation.\nImplemented a fixed-time step game loop to ensure frame-rate independent physics and consistent execution.\nEDUCATION\nNational University of Computer and Emerging Sciences (FAST-NUCES) | Karachi, Pakistan Bachelor of Science in\nComputer Science | Expected June 2028\nCore Coursework: Data Structures & Algorithms, Computer Organization & Assembly Language (COAL), Linear\nAlgebra, Discrete Structures, Object-Oriented Programming (OOP), Probability and Statistics (In Progress),\nMultivariable Calculus\nLEADERSHIP AND VOLUNTEER EXPERIENCE\nSoftware Internship | Eden College: Optimized data processing for 100+ applicants using structured documentation,\nreducing data entry errors and improving system processing efficiency.\nLinkedIn | Github\nPROFILE SUMMARY\nSecond-year Computer Science student at FAST-NUCES Karachi with hands-on experience building performance-\nfocused software systems. Comfortable working close to the hardware level and solving problems that require both\nanalytical thinking and practical execution. Looking to apply a strong technical foundation in a real industry\nenvironment where I can contribute and grow.\n','2026-05-08 10:18:34'),(11,3,'uploads/CV Ahmed Raza.pdf','AHMED RAZA\nLanguages: C++ (Advanced), C, x86 Assembly (MASM/Irvine32), SQL, JavaScript.\nSystems: Manual Memory Management, Pointer Arithmetic, Stack Frame Analysis, CPU Register Optimization.\nTools/Math: Git, GDB, Raylib, SDL, Visual Studio, Linear Algebra, Probability and Statistics\nCoders Cup (2024, 2025): Solved complex algorithmic and data structure problems under high-pressure, timed\nconditions using C++. Ranked among the top performers at FAST-NUCES Karachi.\nDebug or Die: Traced and resolved critical logical errors and memory leaks in C++ codebases within strict time\nconstraints, demonstrating rapid system analysis.\nCode Roulette: Collaborated on team-based challenges involving high-performance SQL query analysis and C++\noptimization.\nTECHNICAL SKILLS\nTECHNICAL COMPETITIONS\nPROJECTS\nEmail: ahmedkazimx@gmail.com | Phone: +923325413136 | \nWordle Clone | x86 Assembly (MASM)\nDeveloped a bare-metal game using x86 Assembly, interfacing directly with CPU registers (EAX-EDX) and\nmemory addresses to manage state without high-level library overhead.\nOptimized register usage to minimize memory access cycles and implemented manual stack frames for\nprocedure calls.\nUtilized Irvine32 interrupts for hardware-level I/O.\nRV Rich Yet? | C++ & Raylib\nArchitected a modular C++ engine utilizing OOP to decouple the GUI layer from core logic, achieving O(1)\nquestion retrieval for trivia state management.\nManaged manual memory allocation and asset lifecycles in Raylib, ensuring zero memory leaks and stable\nperformance during extended sessions.\nOptimized the execution loop to handle asynchronous input without blocking the rendering thread.\nMaqsad Simulator | C & SDL Library\nEngineered a 2D engine in C using the SDL Library for low-level hardware abstraction of graphics/input.\nOptimized collision detection and sprite rendering via pointer arithmetic and direct memory manipulation.\nImplemented a fixed-time step game loop to ensure frame-rate independent physics and consistent execution.\nEDUCATION\nNational University of Computer and Emerging Sciences (FAST-NUCES) | Karachi, Pakistan Bachelor of Science in\nComputer Science | Expected June 2028\nCore Coursework: Data Structures & Algorithms, Computer Organization & Assembly Language (COAL), Linear\nAlgebra, Discrete Structures, Object-Oriented Programming (OOP), Probability and Statistics (In Progress),\nMultivariable Calculus\nLEADERSHIP AND VOLUNTEER EXPERIENCE\nSoftware Internship | Eden College: Optimized data processing for 100+ applicants using structured documentation,\nreducing data entry errors and improving system processing efficiency.\nLinkedIn | Github\nPROFILE SUMMARY\nSecond-year Computer Science student at FAST-NUCES Karachi with hands-on experience building performance-\nfocused software systems. Comfortable working close to the hardware level and solving problems that require both\nanalytical thinking and practical execution. Looking to apply a strong technical foundation in a real industry\nenvironment where I can contribute and grow.\n','2026-05-08 10:18:34'),(12,3,'uploads/CV Ahmed Raza.pdf','AHMED RAZA\nLanguages: C++ (Advanced), C, x86 Assembly (MASM/Irvine32), SQL, JavaScript.\nSystems: Manual Memory Management, Pointer Arithmetic, Stack Frame Analysis, CPU Register Optimization.\nTools/Math: Git, GDB, Raylib, SDL, Visual Studio, Linear Algebra, Probability and Statistics\nCoders Cup (2024, 2025): Solved complex algorithmic and data structure problems under high-pressure, timed\nconditions using C++. Ranked among the top performers at FAST-NUCES Karachi.\nDebug or Die: Traced and resolved critical logical errors and memory leaks in C++ codebases within strict time\nconstraints, demonstrating rapid system analysis.\nCode Roulette: Collaborated on team-based challenges involving high-performance SQL query analysis and C++\noptimization.\nTECHNICAL SKILLS\nTECHNICAL COMPETITIONS\nPROJECTS\nEmail: ahmedkazimx@gmail.com | Phone: +923325413136 | \nWordle Clone | x86 Assembly (MASM)\nDeveloped a bare-metal game using x86 Assembly, interfacing directly with CPU registers (EAX-EDX) and\nmemory addresses to manage state without high-level library overhead.\nOptimized register usage to minimize memory access cycles and implemented manual stack frames for\nprocedure calls.\nUtilized Irvine32 interrupts for hardware-level I/O.\nRV Rich Yet? | C++ & Raylib\nArchitected a modular C++ engine utilizing OOP to decouple the GUI layer from core logic, achieving O(1)\nquestion retrieval for trivia state management.\nManaged manual memory allocation and asset lifecycles in Raylib, ensuring zero memory leaks and stable\nperformance during extended sessions.\nOptimized the execution loop to handle asynchronous input without blocking the rendering thread.\nMaqsad Simulator | C & SDL Library\nEngineered a 2D engine in C using the SDL Library for low-level hardware abstraction of graphics/input.\nOptimized collision detection and sprite rendering via pointer arithmetic and direct memory manipulation.\nImplemented a fixed-time step game loop to ensure frame-rate independent physics and consistent execution.\nEDUCATION\nNational University of Computer and Emerging Sciences (FAST-NUCES) | Karachi, Pakistan Bachelor of Science in\nComputer Science | Expected June 2028\nCore Coursework: Data Structures & Algorithms, Computer Organization & Assembly Language (COAL), Linear\nAlgebra, Discrete Structures, Object-Oriented Programming (OOP), Probability and Statistics (In Progress),\nMultivariable Calculus\nLEADERSHIP AND VOLUNTEER EXPERIENCE\nSoftware Internship | Eden College: Optimized data processing for 100+ applicants using structured documentation,\nreducing data entry errors and improving system processing efficiency.\nLinkedIn | Github\nPROFILE SUMMARY\nSecond-year Computer Science student at FAST-NUCES Karachi with hands-on experience building performance-\nfocused software systems. Comfortable working close to the hardware level and solving problems that require both\nanalytical thinking and practical execution. Looking to apply a strong technical foundation in a real industry\nenvironment where I can contribute and grow.\n','2026-05-08 10:18:35'),(13,3,'uploads/CV Ahmed Raza.pdf','AHMED RAZA\nLanguages: C++ (Advanced), C, x86 Assembly (MASM/Irvine32), SQL, JavaScript.\nSystems: Manual Memory Management, Pointer Arithmetic, Stack Frame Analysis, CPU Register Optimization.\nTools/Math: Git, GDB, Raylib, SDL, Visual Studio, Linear Algebra, Probability and Statistics\nCoders Cup (2024, 2025): Solved complex algorithmic and data structure problems under high-pressure, timed\nconditions using C++. Ranked among the top performers at FAST-NUCES Karachi.\nDebug or Die: Traced and resolved critical logical errors and memory leaks in C++ codebases within strict time\nconstraints, demonstrating rapid system analysis.\nCode Roulette: Collaborated on team-based challenges involving high-performance SQL query analysis and C++\noptimization.\nTECHNICAL SKILLS\nTECHNICAL COMPETITIONS\nPROJECTS\nEmail: ahmedkazimx@gmail.com | Phone: +923325413136 | \nWordle Clone | x86 Assembly (MASM)\nDeveloped a bare-metal game using x86 Assembly, interfacing directly with CPU registers (EAX-EDX) and\nmemory addresses to manage state without high-level library overhead.\nOptimized register usage to minimize memory access cycles and implemented manual stack frames for\nprocedure calls.\nUtilized Irvine32 interrupts for hardware-level I/O.\nRV Rich Yet? | C++ & Raylib\nArchitected a modular C++ engine utilizing OOP to decouple the GUI layer from core logic, achieving O(1)\nquestion retrieval for trivia state management.\nManaged manual memory allocation and asset lifecycles in Raylib, ensuring zero memory leaks and stable\nperformance during extended sessions.\nOptimized the execution loop to handle asynchronous input without blocking the rendering thread.\nMaqsad Simulator | C & SDL Library\nEngineered a 2D engine in C using the SDL Library for low-level hardware abstraction of graphics/input.\nOptimized collision detection and sprite rendering via pointer arithmetic and direct memory manipulation.\nImplemented a fixed-time step game loop to ensure frame-rate independent physics and consistent execution.\nEDUCATION\nNational University of Computer and Emerging Sciences (FAST-NUCES) | Karachi, Pakistan Bachelor of Science in\nComputer Science | Expected June 2028\nCore Coursework: Data Structures & Algorithms, Computer Organization & Assembly Language (COAL), Linear\nAlgebra, Discrete Structures, Object-Oriented Programming (OOP), Probability and Statistics (In Progress),\nMultivariable Calculus\nLEADERSHIP AND VOLUNTEER EXPERIENCE\nSoftware Internship | Eden College: Optimized data processing for 100+ applicants using structured documentation,\nreducing data entry errors and improving system processing efficiency.\nLinkedIn | Github\nPROFILE SUMMARY\nSecond-year Computer Science student at FAST-NUCES Karachi with hands-on experience building performance-\nfocused software systems. Comfortable working close to the hardware level and solving problems that require both\nanalytical thinking and practical execution. Looking to apply a strong technical foundation in a real industry\nenvironment where I can contribute and grow.\n','2026-05-08 10:18:35'),(14,3,'uploads/CV Ahmed Raza.pdf','AHMED RAZA\nLanguages: C++ (Advanced), C, x86 Assembly (MASM/Irvine32), SQL, JavaScript.\nSystems: Manual Memory Management, Pointer Arithmetic, Stack Frame Analysis, CPU Register Optimization.\nTools/Math: Git, GDB, Raylib, SDL, Visual Studio, Linear Algebra, Probability and Statistics\nCoders Cup (2024, 2025): Solved complex algorithmic and data structure problems under high-pressure, timed\nconditions using C++. Ranked among the top performers at FAST-NUCES Karachi.\nDebug or Die: Traced and resolved critical logical errors and memory leaks in C++ codebases within strict time\nconstraints, demonstrating rapid system analysis.\nCode Roulette: Collaborated on team-based challenges involving high-performance SQL query analysis and C++\noptimization.\nTECHNICAL SKILLS\nTECHNICAL COMPETITIONS\nPROJECTS\nEmail: ahmedkazimx@gmail.com | Phone: +923325413136 | \nWordle Clone | x86 Assembly (MASM)\nDeveloped a bare-metal game using x86 Assembly, interfacing directly with CPU registers (EAX-EDX) and\nmemory addresses to manage state without high-level library overhead.\nOptimized register usage to minimize memory access cycles and implemented manual stack frames for\nprocedure calls.\nUtilized Irvine32 interrupts for hardware-level I/O.\nRV Rich Yet? | C++ & Raylib\nArchitected a modular C++ engine utilizing OOP to decouple the GUI layer from core logic, achieving O(1)\nquestion retrieval for trivia state management.\nManaged manual memory allocation and asset lifecycles in Raylib, ensuring zero memory leaks and stable\nperformance during extended sessions.\nOptimized the execution loop to handle asynchronous input without blocking the rendering thread.\nMaqsad Simulator | C & SDL Library\nEngineered a 2D engine in C using the SDL Library for low-level hardware abstraction of graphics/input.\nOptimized collision detection and sprite rendering via pointer arithmetic and direct memory manipulation.\nImplemented a fixed-time step game loop to ensure frame-rate independent physics and consistent execution.\nEDUCATION\nNational University of Computer and Emerging Sciences (FAST-NUCES) | Karachi, Pakistan Bachelor of Science in\nComputer Science | Expected June 2028\nCore Coursework: Data Structures & Algorithms, Computer Organization & Assembly Language (COAL), Linear\nAlgebra, Discrete Structures, Object-Oriented Programming (OOP), Probability and Statistics (In Progress),\nMultivariable Calculus\nLEADERSHIP AND VOLUNTEER EXPERIENCE\nSoftware Internship | Eden College: Optimized data processing for 100+ applicants using structured documentation,\nreducing data entry errors and improving system processing efficiency.\nLinkedIn | Github\nPROFILE SUMMARY\nSecond-year Computer Science student at FAST-NUCES Karachi with hands-on experience building performance-\nfocused software systems. Comfortable working close to the hardware level and solving problems that require both\nanalytical thinking and practical execution. Looking to apply a strong technical foundation in a real industry\nenvironment where I can contribute and grow.\n','2026-05-08 10:18:35'),(15,3,'uploads/CV Ahmed Raza.pdf','AHMED RAZA\nLanguages: C++ (Advanced), C, x86 Assembly (MASM/Irvine32), SQL, JavaScript.\nSystems: Manual Memory Management, Pointer Arithmetic, Stack Frame Analysis, CPU Register Optimization.\nTools/Math: Git, GDB, Raylib, SDL, Visual Studio, Linear Algebra, Probability and Statistics\nCoders Cup (2024, 2025): Solved complex algorithmic and data structure problems under high-pressure, timed\nconditions using C++. Ranked among the top performers at FAST-NUCES Karachi.\nDebug or Die: Traced and resolved critical logical errors and memory leaks in C++ codebases within strict time\nconstraints, demonstrating rapid system analysis.\nCode Roulette: Collaborated on team-based challenges involving high-performance SQL query analysis and C++\noptimization.\nTECHNICAL SKILLS\nTECHNICAL COMPETITIONS\nPROJECTS\nEmail: ahmedkazimx@gmail.com | Phone: +923325413136 | \nWordle Clone | x86 Assembly (MASM)\nDeveloped a bare-metal game using x86 Assembly, interfacing directly with CPU registers (EAX-EDX) and\nmemory addresses to manage state without high-level library overhead.\nOptimized register usage to minimize memory access cycles and implemented manual stack frames for\nprocedure calls.\nUtilized Irvine32 interrupts for hardware-level I/O.\nRV Rich Yet? | C++ & Raylib\nArchitected a modular C++ engine utilizing OOP to decouple the GUI layer from core logic, achieving O(1)\nquestion retrieval for trivia state management.\nManaged manual memory allocation and asset lifecycles in Raylib, ensuring zero memory leaks and stable\nperformance during extended sessions.\nOptimized the execution loop to handle asynchronous input without blocking the rendering thread.\nMaqsad Simulator | C & SDL Library\nEngineered a 2D engine in C using the SDL Library for low-level hardware abstraction of graphics/input.\nOptimized collision detection and sprite rendering via pointer arithmetic and direct memory manipulation.\nImplemented a fixed-time step game loop to ensure frame-rate independent physics and consistent execution.\nEDUCATION\nNational University of Computer and Emerging Sciences (FAST-NUCES) | Karachi, Pakistan Bachelor of Science in\nComputer Science | Expected June 2028\nCore Coursework: Data Structures & Algorithms, Computer Organization & Assembly Language (COAL), Linear\nAlgebra, Discrete Structures, Object-Oriented Programming (OOP), Probability and Statistics (In Progress),\nMultivariable Calculus\nLEADERSHIP AND VOLUNTEER EXPERIENCE\nSoftware Internship | Eden College: Optimized data processing for 100+ applicants using structured documentation,\nreducing data entry errors and improving system processing efficiency.\nLinkedIn | Github\nPROFILE SUMMARY\nSecond-year Computer Science student at FAST-NUCES Karachi with hands-on experience building performance-\nfocused software systems. Comfortable working close to the hardware level and solving problems that require both\nanalytical thinking and practical execution. Looking to apply a strong technical foundation in a real industry\nenvironment where I can contribute and grow.\n','2026-05-08 10:18:35'),(16,3,'uploads/CV Ahmed Raza.pdf','AHMED RAZA\nLanguages: C++ (Advanced), C, x86 Assembly (MASM/Irvine32), SQL, JavaScript.\nSystems: Manual Memory Management, Pointer Arithmetic, Stack Frame Analysis, CPU Register Optimization.\nTools/Math: Git, GDB, Raylib, SDL, Visual Studio, Linear Algebra, Probability and Statistics\nCoders Cup (2024, 2025): Solved complex algorithmic and data structure problems under high-pressure, timed\nconditions using C++. Ranked among the top performers at FAST-NUCES Karachi.\nDebug or Die: Traced and resolved critical logical errors and memory leaks in C++ codebases within strict time\nconstraints, demonstrating rapid system analysis.\nCode Roulette: Collaborated on team-based challenges involving high-performance SQL query analysis and C++\noptimization.\nTECHNICAL SKILLS\nTECHNICAL COMPETITIONS\nPROJECTS\nEmail: ahmedkazimx@gmail.com | Phone: +923325413136 | \nWordle Clone | x86 Assembly (MASM)\nDeveloped a bare-metal game using x86 Assembly, interfacing directly with CPU registers (EAX-EDX) and\nmemory addresses to manage state without high-level library overhead.\nOptimized register usage to minimize memory access cycles and implemented manual stack frames for\nprocedure calls.\nUtilized Irvine32 interrupts for hardware-level I/O.\nRV Rich Yet? | C++ & Raylib\nArchitected a modular C++ engine utilizing OOP to decouple the GUI layer from core logic, achieving O(1)\nquestion retrieval for trivia state management.\nManaged manual memory allocation and asset lifecycles in Raylib, ensuring zero memory leaks and stable\nperformance during extended sessions.\nOptimized the execution loop to handle asynchronous input without blocking the rendering thread.\nMaqsad Simulator | C & SDL Library\nEngineered a 2D engine in C using the SDL Library for low-level hardware abstraction of graphics/input.\nOptimized collision detection and sprite rendering via pointer arithmetic and direct memory manipulation.\nImplemented a fixed-time step game loop to ensure frame-rate independent physics and consistent execution.\nEDUCATION\nNational University of Computer and Emerging Sciences (FAST-NUCES) | Karachi, Pakistan Bachelor of Science in\nComputer Science | Expected June 2028\nCore Coursework: Data Structures & Algorithms, Computer Organization & Assembly Language (COAL), Linear\nAlgebra, Discrete Structures, Object-Oriented Programming (OOP), Probability and Statistics (In Progress),\nMultivariable Calculus\nLEADERSHIP AND VOLUNTEER EXPERIENCE\nSoftware Internship | Eden College: Optimized data processing for 100+ applicants using structured documentation,\nreducing data entry errors and improving system processing efficiency.\nLinkedIn | Github\nPROFILE SUMMARY\nSecond-year Computer Science student at FAST-NUCES Karachi with hands-on experience building performance-\nfocused software systems. Comfortable working close to the hardware level and solving problems that require both\nanalytical thinking and practical execution. Looking to apply a strong technical foundation in a real industry\nenvironment where I can contribute and grow.\n','2026-05-08 10:18:35'),(17,4,'uploads/CV of Muhammad Ibrahim June 2024.pdf','P a g e  | 1 \n \nDR. MUHAMMAD IBRAHIM \nCell: +92-335-2941713 \nEmail: ibrahem.shamsi@gmail.com \nPh.D. (Management) – Putra Business School - UPM \n \nPROFILE SUMMARY \nM. Ibrahim Shamsi is a Ph.D. in the field of Supply Chain Management from Putra Business School, University \nPutra Malaysia, which is Accredited by AACSB, ABEST21 & MQA and top 130 world QS Ranking University. \nIn addition, He earned MBA (Supply Chain Management) & MSc (Statistics) degrees with more than 18 years of \nteaching experience as a full-time Teacher in the Department of Statistics, University of Karachi, FAST-National \nUniversity of Computer and Emerging Science, Shaheed Zulfikar Ali Bhutto Institute of Science & Technology-\nSZABIST and MAJU- Mohammad Ali Jinnah University for courses containing Quantitative Research Methods, \nQuantitative Skills, Quality Management & Lean Six Sigma, Supply Chain Management, Strategic Supply Chain \nManagement, Transportation and Shipping Logistics, Operations Management, Statistical Inference, Probability & \nStatistical theories, Biostatistics, Business Statistics & Mathematics, Calculus, Differential Equations, Operations \nResearch, and Numerical Methods. Moreover, Dr. Shamsi is extensively involved in research activities and programs, \nhas written research papers on different statistical and management science projects and theories.  \nAt Mohammad Ali Jinnah University, currently Dr. Shamsi is heading School of Business Administration (SoBA), \nand apart from teaching and research, Dr. Shamsi served on various portfolios University-wide, Faculty-wide, and as \nwell as department-wide. Such as the General Co-Chair ICBM 2024, Conference Track Chair Supply Chain \nManagement, Focal Person of NBEAC, Coordinator of the Quality Enhancement Cell (QEC), Head of the Quality \nAssurance Committee (Management Science Department), Member of the Exam Vigilance Committee, Member of \nthe Canteen Committee, Member of the Students Affairs advisory team, Head of Business Administration Society \nand QEC representative in various Board of Faculties and Board of Studies meetings.  \n \nWORKING EXPERIENCE \n \nAssistant \nProfessor \nFeb 2018 – Present \nKarachi - Pakistan \n \nAt Mohammad Ali Jinnah University – MAJU \nAdministrative Positions: \n• \nHead of Department – School of Business Administration (September 2023 – \nPresent) \n• \nGeneral Co-Chair ICBM 2024 \n• \nConference Track Chair Supply Chain Management – ICBM 2024 \n• \nFocal Person NBEAC (2019- 2024) \n• \nQEC Representative of the Programs BBA, MBA, MS, Ph.D. (2019-2023) \n• \nHead, Quality Assurance Committee (Management Science Department) 2018-\n2019 \n• \nMember, Exam Vigilance Committee 2018-2019 \n• \nMember, Canteen Committee 2018-2019 \nTeaching Positions: \nFeb 2018- onwards \n• \nAssistant Professor, Faculty of Business Administration (FoBA)  \nDescription:    \n- \nActively involved in graduate and undergraduate levels of teaching. \no \nTaught Advanced Research Methodology to MBA and MS Students \no \nTaught Quantitative Research Methods to MS Management Science \no \nTaught Statistical Inference to MBA and BBA Programs \no \nTaught Probability & Statistics to BSCS Program \no \nTaught Quality Management & Lean Six Sigma to MBA Program \nP a g e  | 2 \no \nTaught Supply Chain Management to BBA and MBA Program \no \nTaught Strategic Supply Chain Management to MBA Program. \no \nTaught Transport and Shipping Logistics to MBA Program. \no \nTaught Business Statistics and Business Mathematics to BBA & MBA \nProgram \n- \nAssessment of students’ coursework through quizzes, exams, and presentations.  \n- \nSupervising students’ research projects and theses at undergraduate, graduate and \nPhD levels.  \n- \nFocal Person of NBEAC \no \nResponsible for NBEAC accreditation of Faculty of Business \nAdministration and Social Sciences programs (MBA and BBA) \no \nSuccessfully conducted NBEAC visit and got accredited MBA and BBA \nprograms under X Category (3 years of accreditation). \n- \nInvolved in Quality Enhancement Cell as a QEC representative \no \nAligned operations, activities, and policies for compliance with HEC \nguidelines. \no \nPrepared and submitted University Portfolio Report along with the detailed \nStatistics and Self-Assessment Report (SARs) to HEC \no \nConducted a successful external IPE 2018 \n▪ \nAccomplished with a satisfactory evaluation of the Institutional \nPerformance Evaluation (IPE) visit of HEC representatives. \n▪ \nImplemented Compliance Implementation Plan (CIP) as feedback \nof shortcomings after IPE visit. \no \nConducted a successful CIEC visit in 2019. \n▪ \nPrepared SARs for Charter Inspection & Evaluation Committee \n(CIEC-HEC) visit \n▪ \nAccomplished with a satisfactory evaluation of the Charter \nInspection & Evaluation Committee (CIEC) visit of HEC \nrepresentatives. \no \nAttended BOS, BOF, BASR, and BOI meetings as QEC Representative \n- \nInvolved in Exam Vigilance Committee \no \nMember of Exam vigilance committee and performed Mid and Final exam \nvigilance for all MAJU during Spring 2019 and prepared a detailed report \nof vigilance. \n- \nInvolved in the Management Science Society as Society Chairman during 2018 \nLecturer \nSep 2016 – Feb 2018 \nKarachi - Pakistan \n \nAt Shaheed Zulfikar Ali Bhutto Institute of Science & Technology-SZABIST \nDescription:    \n- \nActed as the Head of the Mathematics and Statistics Cluster \no \nAttended BOS meetings \n- \nActively involved in graduate and undergraduate levels of teaching. \no \nTeaching Statistical Inference to BBA and BABS programs in Fall 2017 \no \nTaught SMB (Statistics and Mathematics) to BABS and Operations \nManagement in the BBA program in the Spring of 2017. \nP a g e  | 3 \no \nTaught Business Statistics to BBA, Statistical Inference to MBA & BABS, \nand Quantitative Tools for Managers to MBA evening students in the \nsemester Fall 2016 \n- \nActively involved in the accreditation process of SZABIST with CILT-UK \n- \nOrganized a Conference on Accelerated Corporate Excellence on the theme of \nKAIZEN Beyond Auto Industry in Spring 2017 \nLecturer \nFeb 2007 – Aug 2016 \nKarachi - Pakistan \n \nAt the National University of Computer & Emerging Sciences- FAST \nDescription:    \n- \nActed as the In-Charge Department of Sciences and Humanities and looked after all \nthe matters related to faculty and departments, including the faculty \nrecruitment/hiring process. \n- \nActed as the Chair of Mathematics and Statistics faculty members and cross-\nvalidated the question papers of Mathematics and Statistics as a Moderator. \n- \nActed as the Chair Cafeteria Committee and look after all the matters related to \nFAST Cafeteria. \n- \nActively involved in graduate/undergraduate levels of teaching. \n- \nInvolved in matters related to QEC (quality enhancement cell). \n- \nTaught various courses to departments of Computer Sciences, Management \nSciences, and Electrical Engineering which mainly includes Statistical theories, \nmethods & research areas. \n- \nSome of the main courses are  \n▪ \nBusiness Statistics & Mathematics        Probability and Random Processes \n▪ \nProbability and Statistics                       Applied Calculus \n▪ \nNumerical Methods                               Operations Research \n▪ \nPrincipal of Economics                         Differential Equations \n▪ \nStatistical Inference                               Quantitative Techniques in Analysis \n- \nPartially involved in teaching Master level students (MS-SPM, MS-CS, and MBA) \nand mentoring them about “Empirical Research Methods”, to explore different \ndimensions of research in computer sciences and businesses through SPSS. \n- \nDesign & distribute statistical assignments reports to students each semester as per \nprovided procedure & schedule. \n- \nKeeping a record of every concerned student’s activity and short-term results \n- \nProviding support and coordination to the department seniors for preparation of \nexams and upcoming activities \nAggressively taking part in departmental seminars, and events & demonstrate \nprovided updates & programmed material when required \nCooperative \nLecturer \nJan 2005 - Jan 2007 \nKarachi - Pakistan \n \nAt the University of Karachi – Department of Statistics \nDescription:    \n- \nMost actively involved in taking subsidiary classes for undergraduate students to \ndifferent departments.; Subjects Include:  \n▪ \nElementary Statistics I and II, Probability Theory I and II, Biostatistics I \nand II  \nP a g e  | 4 \n- \nTaught the “Quantitative Analysis in Research” program through Minitab and \nSPSS software to the students of MSc – Applied Statistics. The main objective of \nQAR is to build the foundation in students for Factor Analysis, Multivariate \nAnalysis, and Logistic Regression Analysis which are essential and powerful \ntechniques used in business and research. \n- \nTaught a course “Data Analysis through SPSS” in Post Graduate Diploma (PGD) \nan evening program conducted by the Department of Statistics KU. \n- \nInvolved in taking Lab sessions of master’s level students for practical \nimplementation of studies on various subjects like: \n▪ \nTime Series Analysis                              Experimental Design \n▪ \nQuality Control                                       Theory of Inference \n▪ \nDistribution Theory                                 Linear Algebra  \n▪ \nOperations Research \nDifferent packages were used to enhance students’ knowledge and learning areas like \nITSM for Time series modeling, QM and TORA for linear and dynamic programming, \nand Mathematica for solving higher-order equations. \n \nEducation/Qualifications: \nPeriod \nDegree/Certification \nUniversity/College \n2019 – 2023 \nPhD. (Management Science) \n(Dissertation Title: Proactive Environmental Strategy, Green \nSupply Chain Management Practices, Relational Capability, Green \nAbsorptive Capacity, Mindfulness and Environmental Performance \nin Pakistan Manufacturing SMEs) \nPutra Business School, University \nPutra Malaysia \n2008 – 2015 \nMBA \n(Supply Chain Management) \nIQRA University \n2001 – 2004 \nM.Sc  \n(Statistics) \nUniversity of Karachi \nB.Sc (Hons)  \n(Statistics, Mathematics, Physics) \nUniversity of Karachi \n2000 – 2000 \nDCS  \nDiploma in Computer Science  \nPatroman Training Institute \n1997 – 1999 \nCertification: FSc Pre-Engineering \nBoard of Intermediate \n1995 – 1997 \nCertification: Matriculation (Science) \nMatric Board \n \nPUBLICATIONS \nInternational Journal: \n▪ \nIbrahim, M., Mahmood, R. & Som, H.M. Green absorptive capacity and environmental performance: a \nperspective of SMEs’ relational capability and green supply chain management practices. Environ Dev Sustain \n(2024). https://doi.org/10.1007/s10668-023-04420-5 (Scopus, IF=4.9, HEC W) \n▪ \nIbrahim, M., & Mahmood, R. (2022), “Proactive Environmental Strategy and Environmental Performance of \nthe Manufacturing SMEs of Karachi City in Pakistan: Role of Green Mindfulness as a DCV”, Sustainability, \n14(19), 12431. (Scopus, IF=3.9, HEC W) \n▪ \nAziz Saifee, A. G. Baloch, Irfan Khalid and M. Ibrahim Shamsi, (2012) “A Survey on the Progress of Arabic \nLanguage Teaching in Madarsa Educational Board (Wifaq-ul-Madaris Al-Arabia Pakistan)” European Journal \nof Social Sciences ISSN 1450-2267 Vol.31 No.4, pp. 558-566 \n \nP a g e  | 5 \nNational Journal:  \n▪ \nM. Ibrahim Shamsi and Shahnawaz A. S. (2015) “A Study of the Logistics Capability Factors for an E-\ncommerce Market” FAST-NU Research Journal, ISSN: 2313-7045, Vol 1, No. 2, pp. 143-149 \n▪ \nM. Ibrahim Shamsi and G. Hussain, (2007) \"Bootstrap Confidence Interval for Parameter \'p\' of Truncated \nNegative Binomial Distribution\" Journal of Management and Social Sciences, Vol.3, No. 2, 77-86 \n \nInternational Conference: \n▪ \nAdila, Suffah A., M. Ibrahim Shamsi, (2016) “The Impact of Logistics Support on Building Trust in Online \nShopping” Proc. 14th International Conference on Statistical Sciences Karachi, March 14-16, 2016, Vol. 29, pp. \n355-362. \n▪ \nMeghna J., S. Mahrukh, M. Ibrahim Shamsi, (2016) “The Effects of Illiteracy as a Main Cause of Corruption” \nProc. 14th International Conference on Statistical Sciences Karachi, March 14-16, 2016, Vol. 29, pp. 347-354. \n▪ \nHammad W., M. Ibrahim Shamsi, Sadiq A., Zohaib A., and Rafique A., (2016) “Effectiveness of Leadership \nStyle on Employee Performance” Proc. 14th International Conference on Statistical Sciences Karachi, March \n14-16, 2016, Vol. 29, pp. 335-346. \n▪ \nM. Ibrahim Shamsi, S. Taha, and A. Uzair, (2014) “On Firm Performance the Effect of Span of Supply Chain \nIntegration” Proc. 12th International Conference on Statistical Sciences Karachi, March 24-26, 2014, Vol. 26, \npp. 491-500. \n▪ \nM. Ibrahim Shamsi, Shuja Hasan, and Salman Samad, (2014) “University Branding, its Effect on Industry for \nFresh Graduated Student’s Job Placement” Proc. 12th International Conference on Statistical Sciences Karachi, \nMarch 24-26, 2014, Vol. 26, pp. 457-464.  \n▪ \nM. Ibrahim Shamsi, M. Haris Abdullah, and Farhal Naseem, (2014) “The Impact of After-sale Services on \nConsumer Buying Behavior in Broad Band Industry of Karachi” Proc. 12th International Conference on \nStatistical Sciences Karachi, March 24-26, 2014, Vol. 26, pp. 219-228. \n▪ \nM. Ibrahim Shamsi, G. Hussain, (2008) “Wild Bootstrap Technique for Finding Confidence Interval of \nTruncated Negative Binomial Parameter ‘p’” Proceeding 4th International Statistical Conference, Gujrat, Vol. \n16, Pages 133 – 142. \nNational Conference: \n▪ \nS. Fatima, G. Hussain and M. Ibrahim Shamsi, (2007) “Bayesian Dynamic Linear, Artificial Neural Network \nand ARIMA models for quarterly GDP at market price” Proceeding 3rd National Statistical Conference, \nLahore, Vol. 14, Pages 331 – 336. \n \nCERTIFICATION & EXTERNAL COLLABORATION PROGRAMS: \n1. 7th DD Conference 2020 at HEC Islamabad \nAwarded a certificate of participation by National Business Education Accreditation Council (NBEAC) chairman \nDr. Farrukh Iqbal in recognition of attending “Enhancing Quality and Inclusivity in Business Education through \nEngagement”  \n \n \n \n \n \n \n    Held on February 17 – 18, 2020, in Islamabad \n \n2. Bloom’s Taxonomy at Work – HEC VCON \nOrganized and attended a video conferencing workshop on the topic “Putting Bloom’s Taxonomy at Work” \ndelivered by Dr. Qaiser Munir at IBA Karachi virtually connected at MAJU \n \n \n \n \n \n \n    Held on March 27th, 2019, MAJU Karachi \n \n3. Skill Building and Enhancement Workshop “Emotional Intelligence” \nAttended one day workshop on Skill building and Enhancement through Emotional Intelligence organized by MAJU \ntalked by Prof Dr. Ameena Zehra, Department of Psychology, University of Karachi \n \n \n \n \n \n \n     Held on March 22nd, 2019, MAJU Karachi \nP a g e  | 6 \n \n4. Quality Design in Business Management Program (QDBMP) \nAttended one day Workshop on Designing Quality in Business Management Programs and Embedding Future \nSkills in the Program’s Strategic Plan organized by QEC of the Institute of Business Management, Karachi \n \n \n \n \n \n \n     Held on Oct 18th, 2018, IoBM, Karachi \n \n \n5. Executive Breakfast (CELDD) \nAttended a Workshop on Four Decades of Real Estate in Karachi (1980 to 2018) organized by Mohammad Ali \nJinnah University CELDD, Karachi \n \n \n \n \n \n \n     Held on Aug 31st, 2018, MAJU, Karachi \n \n6. E-Learning Capacity Building Workshop (MOODLE) \nAttended a Workshop on E-Learning Capacity Building Workshop: Be a Competitive Teacher with the help of \nMOODLE organized by Mohammad Ali Jinnah QEC, Karachi \n \n \n \n \n \n \n     Held on May 17th, 2018, at MAJU, Karachi \n \n7. 2nd NRCMB at SZABIST \nOrganized the 2nd National Research Conference on Management and Business (NRCMB) on the theme of Building \nBridges between Industry and Academia  \n \n                                                   Held on November 24-25, 2017 at SZABIST 90, Karachi \n \n8. 2nd International CPEC Business and Research Conference (ICPEC-BRC2) \nAttended the 2-days conference on China-Pakistan Economic Corridor – An Opportunity for Economics and Social \nTransformation organized by IBA Karachi in partnership with SILC Business School, Shanghai University, China \n \n \n \n \n \n \n     Held on March 15th and 16th, 2017, IBA, Karachi  \n \n9. 14th International Conference on Statistical Sciences (ICSS-14) \nAttended ICSS 14 at Jinnah Sindh Medical University Karachi organized by ISOSS and presented 3 research papers  \n       Held on March 2016, JSMU, Karachi  \n \n10. 12th International Conference on Statistical Sciences (ICSS-12) \nAttended ICSS 12 at DOW University Karachi organized by ISOSS and presented 3 research papers  \n       Held on March 2014, DUHS, Karachi  \n \n11. Colloquium on “BIG DATA Innovation” (BDI) \nAttended 8th Annual Mathematics Colloquium on “BIG DATA Innovation” as a guest organized by IoBM  \n \n \n \n \n \n \n      Held on Feb 2014, CBM, Karachi \n \n \n12.  Postgraduate Research Tools- Research Made Easy (RME-SPSS) \nAttended HD video conference an international research workshop  \n     Organized on 29-30 Jan 2014, FAST Karachi  \n13. Participation in a workshop: “Writing Research Paper” \nJointly organized by Applied Economics Research Center (AERC) & Institute of Research Promotion (IRP) \nHeld on 16th April 2010 at AERC, University of Karachi \n14. Staff Development Program (TASK)  \nAttended 26 days program organized by the Department of Genetics, University of Karachi, and the Higher \nEducation Commission of Pakistan (HEC). \n    Held on Dec 2006 to Jan 2007 at Genetics Dept., KU   \n15. Total Quality Management (TQM) ISO9000-2001 \nAttended and certified TQM, organized by the Department of Statistics, University of Karachi collaboration with \nLakson Group of Companies from January 2004 to December 2004. \nHeld on Jan 2004 to Dec 2004 at Statistics Dept., KU   \n','2026-05-09 06:44:09'),(18,4,'uploads/CV of Muhammad Ibrahim June 2024.pdf','P a g e  | 1 \n \nDR. MUHAMMAD IBRAHIM \nCell: +92-335-2941713 \nEmail: ibrahem.shamsi@gmail.com \nPh.D. (Management) – Putra Business School - UPM \n \nPROFILE SUMMARY \nM. Ibrahim Shamsi is a Ph.D. in the field of Supply Chain Management from Putra Business School, University \nPutra Malaysia, which is Accredited by AACSB, ABEST21 & MQA and top 130 world QS Ranking University. \nIn addition, He earned MBA (Supply Chain Management) & MSc (Statistics) degrees with more than 18 years of \nteaching experience as a full-time Teacher in the Department of Statistics, University of Karachi, FAST-National \nUniversity of Computer and Emerging Science, Shaheed Zulfikar Ali Bhutto Institute of Science & Technology-\nSZABIST and MAJU- Mohammad Ali Jinnah University for courses containing Quantitative Research Methods, \nQuantitative Skills, Quality Management & Lean Six Sigma, Supply Chain Management, Strategic Supply Chain \nManagement, Transportation and Shipping Logistics, Operations Management, Statistical Inference, Probability & \nStatistical theories, Biostatistics, Business Statistics & Mathematics, Calculus, Differential Equations, Operations \nResearch, and Numerical Methods. Moreover, Dr. Shamsi is extensively involved in research activities and programs, \nhas written research papers on different statistical and management science projects and theories.  \nAt Mohammad Ali Jinnah University, currently Dr. Shamsi is heading School of Business Administration (SoBA), \nand apart from teaching and research, Dr. Shamsi served on various portfolios University-wide, Faculty-wide, and as \nwell as department-wide. Such as the General Co-Chair ICBM 2024, Conference Track Chair Supply Chain \nManagement, Focal Person of NBEAC, Coordinator of the Quality Enhancement Cell (QEC), Head of the Quality \nAssurance Committee (Management Science Department), Member of the Exam Vigilance Committee, Member of \nthe Canteen Committee, Member of the Students Affairs advisory team, Head of Business Administration Society \nand QEC representative in various Board of Faculties and Board of Studies meetings.  \n \nWORKING EXPERIENCE \n \nAssistant \nProfessor \nFeb 2018 – Present \nKarachi - Pakistan \n \nAt Mohammad Ali Jinnah University – MAJU \nAdministrative Positions: \n• \nHead of Department – School of Business Administration (September 2023 – \nPresent) \n• \nGeneral Co-Chair ICBM 2024 \n• \nConference Track Chair Supply Chain Management – ICBM 2024 \n• \nFocal Person NBEAC (2019- 2024) \n• \nQEC Representative of the Programs BBA, MBA, MS, Ph.D. (2019-2023) \n• \nHead, Quality Assurance Committee (Management Science Department) 2018-\n2019 \n• \nMember, Exam Vigilance Committee 2018-2019 \n• \nMember, Canteen Committee 2018-2019 \nTeaching Positions: \nFeb 2018- onwards \n• \nAssistant Professor, Faculty of Business Administration (FoBA)  \nDescription:    \n- \nActively involved in graduate and undergraduate levels of teaching. \no \nTaught Advanced Research Methodology to MBA and MS Students \no \nTaught Quantitative Research Methods to MS Management Science \no \nTaught Statistical Inference to MBA and BBA Programs \no \nTaught Probability & Statistics to BSCS Program \no \nTaught Quality Management & Lean Six Sigma to MBA Program \nP a g e  | 2 \no \nTaught Supply Chain Management to BBA and MBA Program \no \nTaught Strategic Supply Chain Management to MBA Program. \no \nTaught Transport and Shipping Logistics to MBA Program. \no \nTaught Business Statistics and Business Mathematics to BBA & MBA \nProgram \n- \nAssessment of students’ coursework through quizzes, exams, and presentations.  \n- \nSupervising students’ research projects and theses at undergraduate, graduate and \nPhD levels.  \n- \nFocal Person of NBEAC \no \nResponsible for NBEAC accreditation of Faculty of Business \nAdministration and Social Sciences programs (MBA and BBA) \no \nSuccessfully conducted NBEAC visit and got accredited MBA and BBA \nprograms under X Category (3 years of accreditation). \n- \nInvolved in Quality Enhancement Cell as a QEC representative \no \nAligned operations, activities, and policies for compliance with HEC \nguidelines. \no \nPrepared and submitted University Portfolio Report along with the detailed \nStatistics and Self-Assessment Report (SARs) to HEC \no \nConducted a successful external IPE 2018 \n▪ \nAccomplished with a satisfactory evaluation of the Institutional \nPerformance Evaluation (IPE) visit of HEC representatives. \n▪ \nImplemented Compliance Implementation Plan (CIP) as feedback \nof shortcomings after IPE visit. \no \nConducted a successful CIEC visit in 2019. \n▪ \nPrepared SARs for Charter Inspection & Evaluation Committee \n(CIEC-HEC) visit \n▪ \nAccomplished with a satisfactory evaluation of the Charter \nInspection & Evaluation Committee (CIEC) visit of HEC \nrepresentatives. \no \nAttended BOS, BOF, BASR, and BOI meetings as QEC Representative \n- \nInvolved in Exam Vigilance Committee \no \nMember of Exam vigilance committee and performed Mid and Final exam \nvigilance for all MAJU during Spring 2019 and prepared a detailed report \nof vigilance. \n- \nInvolved in the Management Science Society as Society Chairman during 2018 \nLecturer \nSep 2016 – Feb 2018 \nKarachi - Pakistan \n \nAt Shaheed Zulfikar Ali Bhutto Institute of Science & Technology-SZABIST \nDescription:    \n- \nActed as the Head of the Mathematics and Statistics Cluster \no \nAttended BOS meetings \n- \nActively involved in graduate and undergraduate levels of teaching. \no \nTeaching Statistical Inference to BBA and BABS programs in Fall 2017 \no \nTaught SMB (Statistics and Mathematics) to BABS and Operations \nManagement in the BBA program in the Spring of 2017. \nP a g e  | 3 \no \nTaught Business Statistics to BBA, Statistical Inference to MBA & BABS, \nand Quantitative Tools for Managers to MBA evening students in the \nsemester Fall 2016 \n- \nActively involved in the accreditation process of SZABIST with CILT-UK \n- \nOrganized a Conference on Accelerated Corporate Excellence on the theme of \nKAIZEN Beyond Auto Industry in Spring 2017 \nLecturer \nFeb 2007 – Aug 2016 \nKarachi - Pakistan \n \nAt the National University of Computer & Emerging Sciences- FAST \nDescription:    \n- \nActed as the In-Charge Department of Sciences and Humanities and looked after all \nthe matters related to faculty and departments, including the faculty \nrecruitment/hiring process. \n- \nActed as the Chair of Mathematics and Statistics faculty members and cross-\nvalidated the question papers of Mathematics and Statistics as a Moderator. \n- \nActed as the Chair Cafeteria Committee and look after all the matters related to \nFAST Cafeteria. \n- \nActively involved in graduate/undergraduate levels of teaching. \n- \nInvolved in matters related to QEC (quality enhancement cell). \n- \nTaught various courses to departments of Computer Sciences, Management \nSciences, and Electrical Engineering which mainly includes Statistical theories, \nmethods & research areas. \n- \nSome of the main courses are  \n▪ \nBusiness Statistics & Mathematics        Probability and Random Processes \n▪ \nProbability and Statistics                       Applied Calculus \n▪ \nNumerical Methods                               Operations Research \n▪ \nPrincipal of Economics                         Differential Equations \n▪ \nStatistical Inference                               Quantitative Techniques in Analysis \n- \nPartially involved in teaching Master level students (MS-SPM, MS-CS, and MBA) \nand mentoring them about “Empirical Research Methods”, to explore different \ndimensions of research in computer sciences and businesses through SPSS. \n- \nDesign & distribute statistical assignments reports to students each semester as per \nprovided procedure & schedule. \n- \nKeeping a record of every concerned student’s activity and short-term results \n- \nProviding support and coordination to the department seniors for preparation of \nexams and upcoming activities \nAggressively taking part in departmental seminars, and events & demonstrate \nprovided updates & programmed material when required \nCooperative \nLecturer \nJan 2005 - Jan 2007 \nKarachi - Pakistan \n \nAt the University of Karachi – Department of Statistics \nDescription:    \n- \nMost actively involved in taking subsidiary classes for undergraduate students to \ndifferent departments.; Subjects Include:  \n▪ \nElementary Statistics I and II, Probability Theory I and II, Biostatistics I \nand II  \nP a g e  | 4 \n- \nTaught the “Quantitative Analysis in Research” program through Minitab and \nSPSS software to the students of MSc – Applied Statistics. The main objective of \nQAR is to build the foundation in students for Factor Analysis, Multivariate \nAnalysis, and Logistic Regression Analysis which are essential and powerful \ntechniques used in business and research. \n- \nTaught a course “Data Analysis through SPSS” in Post Graduate Diploma (PGD) \nan evening program conducted by the Department of Statistics KU. \n- \nInvolved in taking Lab sessions of master’s level students for practical \nimplementation of studies on various subjects like: \n▪ \nTime Series Analysis                              Experimental Design \n▪ \nQuality Control                                       Theory of Inference \n▪ \nDistribution Theory                                 Linear Algebra  \n▪ \nOperations Research \nDifferent packages were used to enhance students’ knowledge and learning areas like \nITSM for Time series modeling, QM and TORA for linear and dynamic programming, \nand Mathematica for solving higher-order equations. \n \nEducation/Qualifications: \nPeriod \nDegree/Certification \nUniversity/College \n2019 – 2023 \nPhD. (Management Science) \n(Dissertation Title: Proactive Environmental Strategy, Green \nSupply Chain Management Practices, Relational Capability, Green \nAbsorptive Capacity, Mindfulness and Environmental Performance \nin Pakistan Manufacturing SMEs) \nPutra Business School, University \nPutra Malaysia \n2008 – 2015 \nMBA \n(Supply Chain Management) \nIQRA University \n2001 – 2004 \nM.Sc  \n(Statistics) \nUniversity of Karachi \nB.Sc (Hons)  \n(Statistics, Mathematics, Physics) \nUniversity of Karachi \n2000 – 2000 \nDCS  \nDiploma in Computer Science  \nPatroman Training Institute \n1997 – 1999 \nCertification: FSc Pre-Engineering \nBoard of Intermediate \n1995 – 1997 \nCertification: Matriculation (Science) \nMatric Board \n \nPUBLICATIONS \nInternational Journal: \n▪ \nIbrahim, M., Mahmood, R. & Som, H.M. Green absorptive capacity and environmental performance: a \nperspective of SMEs’ relational capability and green supply chain management practices. Environ Dev Sustain \n(2024). https://doi.org/10.1007/s10668-023-04420-5 (Scopus, IF=4.9, HEC W) \n▪ \nIbrahim, M., & Mahmood, R. (2022), “Proactive Environmental Strategy and Environmental Performance of \nthe Manufacturing SMEs of Karachi City in Pakistan: Role of Green Mindfulness as a DCV”, Sustainability, \n14(19), 12431. (Scopus, IF=3.9, HEC W) \n▪ \nAziz Saifee, A. G. Baloch, Irfan Khalid and M. Ibrahim Shamsi, (2012) “A Survey on the Progress of Arabic \nLanguage Teaching in Madarsa Educational Board (Wifaq-ul-Madaris Al-Arabia Pakistan)” European Journal \nof Social Sciences ISSN 1450-2267 Vol.31 No.4, pp. 558-566 \n \nP a g e  | 5 \nNational Journal:  \n▪ \nM. Ibrahim Shamsi and Shahnawaz A. S. (2015) “A Study of the Logistics Capability Factors for an E-\ncommerce Market” FAST-NU Research Journal, ISSN: 2313-7045, Vol 1, No. 2, pp. 143-149 \n▪ \nM. Ibrahim Shamsi and G. Hussain, (2007) \"Bootstrap Confidence Interval for Parameter \'p\' of Truncated \nNegative Binomial Distribution\" Journal of Management and Social Sciences, Vol.3, No. 2, 77-86 \n \nInternational Conference: \n▪ \nAdila, Suffah A., M. Ibrahim Shamsi, (2016) “The Impact of Logistics Support on Building Trust in Online \nShopping” Proc. 14th International Conference on Statistical Sciences Karachi, March 14-16, 2016, Vol. 29, pp. \n355-362. \n▪ \nMeghna J., S. Mahrukh, M. Ibrahim Shamsi, (2016) “The Effects of Illiteracy as a Main Cause of Corruption” \nProc. 14th International Conference on Statistical Sciences Karachi, March 14-16, 2016, Vol. 29, pp. 347-354. \n▪ \nHammad W., M. Ibrahim Shamsi, Sadiq A., Zohaib A., and Rafique A., (2016) “Effectiveness of Leadership \nStyle on Employee Performance” Proc. 14th International Conference on Statistical Sciences Karachi, March \n14-16, 2016, Vol. 29, pp. 335-346. \n▪ \nM. Ibrahim Shamsi, S. Taha, and A. Uzair, (2014) “On Firm Performance the Effect of Span of Supply Chain \nIntegration” Proc. 12th International Conference on Statistical Sciences Karachi, March 24-26, 2014, Vol. 26, \npp. 491-500. \n▪ \nM. Ibrahim Shamsi, Shuja Hasan, and Salman Samad, (2014) “University Branding, its Effect on Industry for \nFresh Graduated Student’s Job Placement” Proc. 12th International Conference on Statistical Sciences Karachi, \nMarch 24-26, 2014, Vol. 26, pp. 457-464.  \n▪ \nM. Ibrahim Shamsi, M. Haris Abdullah, and Farhal Naseem, (2014) “The Impact of After-sale Services on \nConsumer Buying Behavior in Broad Band Industry of Karachi” Proc. 12th International Conference on \nStatistical Sciences Karachi, March 24-26, 2014, Vol. 26, pp. 219-228. \n▪ \nM. Ibrahim Shamsi, G. Hussain, (2008) “Wild Bootstrap Technique for Finding Confidence Interval of \nTruncated Negative Binomial Parameter ‘p’” Proceeding 4th International Statistical Conference, Gujrat, Vol. \n16, Pages 133 – 142. \nNational Conference: \n▪ \nS. Fatima, G. Hussain and M. Ibrahim Shamsi, (2007) “Bayesian Dynamic Linear, Artificial Neural Network \nand ARIMA models for quarterly GDP at market price” Proceeding 3rd National Statistical Conference, \nLahore, Vol. 14, Pages 331 – 336. \n \nCERTIFICATION & EXTERNAL COLLABORATION PROGRAMS: \n1. 7th DD Conference 2020 at HEC Islamabad \nAwarded a certificate of participation by National Business Education Accreditation Council (NBEAC) chairman \nDr. Farrukh Iqbal in recognition of attending “Enhancing Quality and Inclusivity in Business Education through \nEngagement”  \n \n \n \n \n \n \n    Held on February 17 – 18, 2020, in Islamabad \n \n2. Bloom’s Taxonomy at Work – HEC VCON \nOrganized and attended a video conferencing workshop on the topic “Putting Bloom’s Taxonomy at Work” \ndelivered by Dr. Qaiser Munir at IBA Karachi virtually connected at MAJU \n \n \n \n \n \n \n    Held on March 27th, 2019, MAJU Karachi \n \n3. Skill Building and Enhancement Workshop “Emotional Intelligence” \nAttended one day workshop on Skill building and Enhancement through Emotional Intelligence organized by MAJU \ntalked by Prof Dr. Ameena Zehra, Department of Psychology, University of Karachi \n \n \n \n \n \n \n     Held on March 22nd, 2019, MAJU Karachi \nP a g e  | 6 \n \n4. Quality Design in Business Management Program (QDBMP) \nAttended one day Workshop on Designing Quality in Business Management Programs and Embedding Future \nSkills in the Program’s Strategic Plan organized by QEC of the Institute of Business Management, Karachi \n \n \n \n \n \n \n     Held on Oct 18th, 2018, IoBM, Karachi \n \n \n5. Executive Breakfast (CELDD) \nAttended a Workshop on Four Decades of Real Estate in Karachi (1980 to 2018) organized by Mohammad Ali \nJinnah University CELDD, Karachi \n \n \n \n \n \n \n     Held on Aug 31st, 2018, MAJU, Karachi \n \n6. E-Learning Capacity Building Workshop (MOODLE) \nAttended a Workshop on E-Learning Capacity Building Workshop: Be a Competitive Teacher with the help of \nMOODLE organized by Mohammad Ali Jinnah QEC, Karachi \n \n \n \n \n \n \n     Held on May 17th, 2018, at MAJU, Karachi \n \n7. 2nd NRCMB at SZABIST \nOrganized the 2nd National Research Conference on Management and Business (NRCMB) on the theme of Building \nBridges between Industry and Academia  \n \n                                                   Held on November 24-25, 2017 at SZABIST 90, Karachi \n \n8. 2nd International CPEC Business and Research Conference (ICPEC-BRC2) \nAttended the 2-days conference on China-Pakistan Economic Corridor – An Opportunity for Economics and Social \nTransformation organized by IBA Karachi in partnership with SILC Business School, Shanghai University, China \n \n \n \n \n \n \n     Held on March 15th and 16th, 2017, IBA, Karachi  \n \n9. 14th International Conference on Statistical Sciences (ICSS-14) \nAttended ICSS 14 at Jinnah Sindh Medical University Karachi organized by ISOSS and presented 3 research papers  \n       Held on March 2016, JSMU, Karachi  \n \n10. 12th International Conference on Statistical Sciences (ICSS-12) \nAttended ICSS 12 at DOW University Karachi organized by ISOSS and presented 3 research papers  \n       Held on March 2014, DUHS, Karachi  \n \n11. Colloquium on “BIG DATA Innovation” (BDI) \nAttended 8th Annual Mathematics Colloquium on “BIG DATA Innovation” as a guest organized by IoBM  \n \n \n \n \n \n \n      Held on Feb 2014, CBM, Karachi \n \n \n12.  Postgraduate Research Tools- Research Made Easy (RME-SPSS) \nAttended HD video conference an international research workshop  \n     Organized on 29-30 Jan 2014, FAST Karachi  \n13. Participation in a workshop: “Writing Research Paper” \nJointly organized by Applied Economics Research Center (AERC) & Institute of Research Promotion (IRP) \nHeld on 16th April 2010 at AERC, University of Karachi \n14. Staff Development Program (TASK)  \nAttended 26 days program organized by the Department of Genetics, University of Karachi, and the Higher \nEducation Commission of Pakistan (HEC). \n    Held on Dec 2006 to Jan 2007 at Genetics Dept., KU   \n15. Total Quality Management (TQM) ISO9000-2001 \nAttended and certified TQM, organized by the Department of Statistics, University of Karachi collaboration with \nLakson Group of Companies from January 2004 to December 2004. \nHeld on Jan 2004 to Dec 2004 at Statistics Dept., KU   \n','2026-05-09 06:44:13'),(19,4,'uploads/CV of Muhammad Ibrahim June 2024.pdf','P a g e  | 1 \n \nDR. MUHAMMAD IBRAHIM \nCell: +92-335-2941713 \nEmail: ibrahem.shamsi@gmail.com \nPh.D. (Management) – Putra Business School - UPM \n \nPROFILE SUMMARY \nM. Ibrahim Shamsi is a Ph.D. in the field of Supply Chain Management from Putra Business School, University \nPutra Malaysia, which is Accredited by AACSB, ABEST21 & MQA and top 130 world QS Ranking University. \nIn addition, He earned MBA (Supply Chain Management) & MSc (Statistics) degrees with more than 18 years of \nteaching experience as a full-time Teacher in the Department of Statistics, University of Karachi, FAST-National \nUniversity of Computer and Emerging Science, Shaheed Zulfikar Ali Bhutto Institute of Science & Technology-\nSZABIST and MAJU- Mohammad Ali Jinnah University for courses containing Quantitative Research Methods, \nQuantitative Skills, Quality Management & Lean Six Sigma, Supply Chain Management, Strategic Supply Chain \nManagement, Transportation and Shipping Logistics, Operations Management, Statistical Inference, Probability & \nStatistical theories, Biostatistics, Business Statistics & Mathematics, Calculus, Differential Equations, Operations \nResearch, and Numerical Methods. Moreover, Dr. Shamsi is extensively involved in research activities and programs, \nhas written research papers on different statistical and management science projects and theories.  \nAt Mohammad Ali Jinnah University, currently Dr. Shamsi is heading School of Business Administration (SoBA), \nand apart from teaching and research, Dr. Shamsi served on various portfolios University-wide, Faculty-wide, and as \nwell as department-wide. Such as the General Co-Chair ICBM 2024, Conference Track Chair Supply Chain \nManagement, Focal Person of NBEAC, Coordinator of the Quality Enhancement Cell (QEC), Head of the Quality \nAssurance Committee (Management Science Department), Member of the Exam Vigilance Committee, Member of \nthe Canteen Committee, Member of the Students Affairs advisory team, Head of Business Administration Society \nand QEC representative in various Board of Faculties and Board of Studies meetings.  \n \nWORKING EXPERIENCE \n \nAssistant \nProfessor \nFeb 2018 – Present \nKarachi - Pakistan \n \nAt Mohammad Ali Jinnah University – MAJU \nAdministrative Positions: \n• \nHead of Department – School of Business Administration (September 2023 – \nPresent) \n• \nGeneral Co-Chair ICBM 2024 \n• \nConference Track Chair Supply Chain Management – ICBM 2024 \n• \nFocal Person NBEAC (2019- 2024) \n• \nQEC Representative of the Programs BBA, MBA, MS, Ph.D. (2019-2023) \n• \nHead, Quality Assurance Committee (Management Science Department) 2018-\n2019 \n• \nMember, Exam Vigilance Committee 2018-2019 \n• \nMember, Canteen Committee 2018-2019 \nTeaching Positions: \nFeb 2018- onwards \n• \nAssistant Professor, Faculty of Business Administration (FoBA)  \nDescription:    \n- \nActively involved in graduate and undergraduate levels of teaching. \no \nTaught Advanced Research Methodology to MBA and MS Students \no \nTaught Quantitative Research Methods to MS Management Science \no \nTaught Statistical Inference to MBA and BBA Programs \no \nTaught Probability & Statistics to BSCS Program \no \nTaught Quality Management & Lean Six Sigma to MBA Program \nP a g e  | 2 \no \nTaught Supply Chain Management to BBA and MBA Program \no \nTaught Strategic Supply Chain Management to MBA Program. \no \nTaught Transport and Shipping Logistics to MBA Program. \no \nTaught Business Statistics and Business Mathematics to BBA & MBA \nProgram \n- \nAssessment of students’ coursework through quizzes, exams, and presentations.  \n- \nSupervising students’ research projects and theses at undergraduate, graduate and \nPhD levels.  \n- \nFocal Person of NBEAC \no \nResponsible for NBEAC accreditation of Faculty of Business \nAdministration and Social Sciences programs (MBA and BBA) \no \nSuccessfully conducted NBEAC visit and got accredited MBA and BBA \nprograms under X Category (3 years of accreditation). \n- \nInvolved in Quality Enhancement Cell as a QEC representative \no \nAligned operations, activities, and policies for compliance with HEC \nguidelines. \no \nPrepared and submitted University Portfolio Report along with the detailed \nStatistics and Self-Assessment Report (SARs) to HEC \no \nConducted a successful external IPE 2018 \n▪ \nAccomplished with a satisfactory evaluation of the Institutional \nPerformance Evaluation (IPE) visit of HEC representatives. \n▪ \nImplemented Compliance Implementation Plan (CIP) as feedback \nof shortcomings after IPE visit. \no \nConducted a successful CIEC visit in 2019. \n▪ \nPrepared SARs for Charter Inspection & Evaluation Committee \n(CIEC-HEC) visit \n▪ \nAccomplished with a satisfactory evaluation of the Charter \nInspection & Evaluation Committee (CIEC) visit of HEC \nrepresentatives. \no \nAttended BOS, BOF, BASR, and BOI meetings as QEC Representative \n- \nInvolved in Exam Vigilance Committee \no \nMember of Exam vigilance committee and performed Mid and Final exam \nvigilance for all MAJU during Spring 2019 and prepared a detailed report \nof vigilance. \n- \nInvolved in the Management Science Society as Society Chairman during 2018 \nLecturer \nSep 2016 – Feb 2018 \nKarachi - Pakistan \n \nAt Shaheed Zulfikar Ali Bhutto Institute of Science & Technology-SZABIST \nDescription:    \n- \nActed as the Head of the Mathematics and Statistics Cluster \no \nAttended BOS meetings \n- \nActively involved in graduate and undergraduate levels of teaching. \no \nTeaching Statistical Inference to BBA and BABS programs in Fall 2017 \no \nTaught SMB (Statistics and Mathematics) to BABS and Operations \nManagement in the BBA program in the Spring of 2017. \nP a g e  | 3 \no \nTaught Business Statistics to BBA, Statistical Inference to MBA & BABS, \nand Quantitative Tools for Managers to MBA evening students in the \nsemester Fall 2016 \n- \nActively involved in the accreditation process of SZABIST with CILT-UK \n- \nOrganized a Conference on Accelerated Corporate Excellence on the theme of \nKAIZEN Beyond Auto Industry in Spring 2017 \nLecturer \nFeb 2007 – Aug 2016 \nKarachi - Pakistan \n \nAt the National University of Computer & Emerging Sciences- FAST \nDescription:    \n- \nActed as the In-Charge Department of Sciences and Humanities and looked after all \nthe matters related to faculty and departments, including the faculty \nrecruitment/hiring process. \n- \nActed as the Chair of Mathematics and Statistics faculty members and cross-\nvalidated the question papers of Mathematics and Statistics as a Moderator. \n- \nActed as the Chair Cafeteria Committee and look after all the matters related to \nFAST Cafeteria. \n- \nActively involved in graduate/undergraduate levels of teaching. \n- \nInvolved in matters related to QEC (quality enhancement cell). \n- \nTaught various courses to departments of Computer Sciences, Management \nSciences, and Electrical Engineering which mainly includes Statistical theories, \nmethods & research areas. \n- \nSome of the main courses are  \n▪ \nBusiness Statistics & Mathematics        Probability and Random Processes \n▪ \nProbability and Statistics                       Applied Calculus \n▪ \nNumerical Methods                               Operations Research \n▪ \nPrincipal of Economics                         Differential Equations \n▪ \nStatistical Inference                               Quantitative Techniques in Analysis \n- \nPartially involved in teaching Master level students (MS-SPM, MS-CS, and MBA) \nand mentoring them about “Empirical Research Methods”, to explore different \ndimensions of research in computer sciences and businesses through SPSS. \n- \nDesign & distribute statistical assignments reports to students each semester as per \nprovided procedure & schedule. \n- \nKeeping a record of every concerned student’s activity and short-term results \n- \nProviding support and coordination to the department seniors for preparation of \nexams and upcoming activities \nAggressively taking part in departmental seminars, and events & demonstrate \nprovided updates & programmed material when required \nCooperative \nLecturer \nJan 2005 - Jan 2007 \nKarachi - Pakistan \n \nAt the University of Karachi – Department of Statistics \nDescription:    \n- \nMost actively involved in taking subsidiary classes for undergraduate students to \ndifferent departments.; Subjects Include:  \n▪ \nElementary Statistics I and II, Probability Theory I and II, Biostatistics I \nand II  \nP a g e  | 4 \n- \nTaught the “Quantitative Analysis in Research” program through Minitab and \nSPSS software to the students of MSc – Applied Statistics. The main objective of \nQAR is to build the foundation in students for Factor Analysis, Multivariate \nAnalysis, and Logistic Regression Analysis which are essential and powerful \ntechniques used in business and research. \n- \nTaught a course “Data Analysis through SPSS” in Post Graduate Diploma (PGD) \nan evening program conducted by the Department of Statistics KU. \n- \nInvolved in taking Lab sessions of master’s level students for practical \nimplementation of studies on various subjects like: \n▪ \nTime Series Analysis                              Experimental Design \n▪ \nQuality Control                                       Theory of Inference \n▪ \nDistribution Theory                                 Linear Algebra  \n▪ \nOperations Research \nDifferent packages were used to enhance students’ knowledge and learning areas like \nITSM for Time series modeling, QM and TORA for linear and dynamic programming, \nand Mathematica for solving higher-order equations. \n \nEducation/Qualifications: \nPeriod \nDegree/Certification \nUniversity/College \n2019 – 2023 \nPhD. (Management Science) \n(Dissertation Title: Proactive Environmental Strategy, Green \nSupply Chain Management Practices, Relational Capability, Green \nAbsorptive Capacity, Mindfulness and Environmental Performance \nin Pakistan Manufacturing SMEs) \nPutra Business School, University \nPutra Malaysia \n2008 – 2015 \nMBA \n(Supply Chain Management) \nIQRA University \n2001 – 2004 \nM.Sc  \n(Statistics) \nUniversity of Karachi \nB.Sc (Hons)  \n(Statistics, Mathematics, Physics) \nUniversity of Karachi \n2000 – 2000 \nDCS  \nDiploma in Computer Science  \nPatroman Training Institute \n1997 – 1999 \nCertification: FSc Pre-Engineering \nBoard of Intermediate \n1995 – 1997 \nCertification: Matriculation (Science) \nMatric Board \n \nPUBLICATIONS \nInternational Journal: \n▪ \nIbrahim, M., Mahmood, R. & Som, H.M. Green absorptive capacity and environmental performance: a \nperspective of SMEs’ relational capability and green supply chain management practices. Environ Dev Sustain \n(2024). https://doi.org/10.1007/s10668-023-04420-5 (Scopus, IF=4.9, HEC W) \n▪ \nIbrahim, M., & Mahmood, R. (2022), “Proactive Environmental Strategy and Environmental Performance of \nthe Manufacturing SMEs of Karachi City in Pakistan: Role of Green Mindfulness as a DCV”, Sustainability, \n14(19), 12431. (Scopus, IF=3.9, HEC W) \n▪ \nAziz Saifee, A. G. Baloch, Irfan Khalid and M. Ibrahim Shamsi, (2012) “A Survey on the Progress of Arabic \nLanguage Teaching in Madarsa Educational Board (Wifaq-ul-Madaris Al-Arabia Pakistan)” European Journal \nof Social Sciences ISSN 1450-2267 Vol.31 No.4, pp. 558-566 \n \nP a g e  | 5 \nNational Journal:  \n▪ \nM. Ibrahim Shamsi and Shahnawaz A. S. (2015) “A Study of the Logistics Capability Factors for an E-\ncommerce Market” FAST-NU Research Journal, ISSN: 2313-7045, Vol 1, No. 2, pp. 143-149 \n▪ \nM. Ibrahim Shamsi and G. Hussain, (2007) \"Bootstrap Confidence Interval for Parameter \'p\' of Truncated \nNegative Binomial Distribution\" Journal of Management and Social Sciences, Vol.3, No. 2, 77-86 \n \nInternational Conference: \n▪ \nAdila, Suffah A., M. Ibrahim Shamsi, (2016) “The Impact of Logistics Support on Building Trust in Online \nShopping” Proc. 14th International Conference on Statistical Sciences Karachi, March 14-16, 2016, Vol. 29, pp. \n355-362. \n▪ \nMeghna J., S. Mahrukh, M. Ibrahim Shamsi, (2016) “The Effects of Illiteracy as a Main Cause of Corruption” \nProc. 14th International Conference on Statistical Sciences Karachi, March 14-16, 2016, Vol. 29, pp. 347-354. \n▪ \nHammad W., M. Ibrahim Shamsi, Sadiq A., Zohaib A., and Rafique A., (2016) “Effectiveness of Leadership \nStyle on Employee Performance” Proc. 14th International Conference on Statistical Sciences Karachi, March \n14-16, 2016, Vol. 29, pp. 335-346. \n▪ \nM. Ibrahim Shamsi, S. Taha, and A. Uzair, (2014) “On Firm Performance the Effect of Span of Supply Chain \nIntegration” Proc. 12th International Conference on Statistical Sciences Karachi, March 24-26, 2014, Vol. 26, \npp. 491-500. \n▪ \nM. Ibrahim Shamsi, Shuja Hasan, and Salman Samad, (2014) “University Branding, its Effect on Industry for \nFresh Graduated Student’s Job Placement” Proc. 12th International Conference on Statistical Sciences Karachi, \nMarch 24-26, 2014, Vol. 26, pp. 457-464.  \n▪ \nM. Ibrahim Shamsi, M. Haris Abdullah, and Farhal Naseem, (2014) “The Impact of After-sale Services on \nConsumer Buying Behavior in Broad Band Industry of Karachi” Proc. 12th International Conference on \nStatistical Sciences Karachi, March 24-26, 2014, Vol. 26, pp. 219-228. \n▪ \nM. Ibrahim Shamsi, G. Hussain, (2008) “Wild Bootstrap Technique for Finding Confidence Interval of \nTruncated Negative Binomial Parameter ‘p’” Proceeding 4th International Statistical Conference, Gujrat, Vol. \n16, Pages 133 – 142. \nNational Conference: \n▪ \nS. Fatima, G. Hussain and M. Ibrahim Shamsi, (2007) “Bayesian Dynamic Linear, Artificial Neural Network \nand ARIMA models for quarterly GDP at market price” Proceeding 3rd National Statistical Conference, \nLahore, Vol. 14, Pages 331 – 336. \n \nCERTIFICATION & EXTERNAL COLLABORATION PROGRAMS: \n1. 7th DD Conference 2020 at HEC Islamabad \nAwarded a certificate of participation by National Business Education Accreditation Council (NBEAC) chairman \nDr. Farrukh Iqbal in recognition of attending “Enhancing Quality and Inclusivity in Business Education through \nEngagement”  \n \n \n \n \n \n \n    Held on February 17 – 18, 2020, in Islamabad \n \n2. Bloom’s Taxonomy at Work – HEC VCON \nOrganized and attended a video conferencing workshop on the topic “Putting Bloom’s Taxonomy at Work” \ndelivered by Dr. Qaiser Munir at IBA Karachi virtually connected at MAJU \n \n \n \n \n \n \n    Held on March 27th, 2019, MAJU Karachi \n \n3. Skill Building and Enhancement Workshop “Emotional Intelligence” \nAttended one day workshop on Skill building and Enhancement through Emotional Intelligence organized by MAJU \ntalked by Prof Dr. Ameena Zehra, Department of Psychology, University of Karachi \n \n \n \n \n \n \n     Held on March 22nd, 2019, MAJU Karachi \nP a g e  | 6 \n \n4. Quality Design in Business Management Program (QDBMP) \nAttended one day Workshop on Designing Quality in Business Management Programs and Embedding Future \nSkills in the Program’s Strategic Plan organized by QEC of the Institute of Business Management, Karachi \n \n \n \n \n \n \n     Held on Oct 18th, 2018, IoBM, Karachi \n \n \n5. Executive Breakfast (CELDD) \nAttended a Workshop on Four Decades of Real Estate in Karachi (1980 to 2018) organized by Mohammad Ali \nJinnah University CELDD, Karachi \n \n \n \n \n \n \n     Held on Aug 31st, 2018, MAJU, Karachi \n \n6. E-Learning Capacity Building Workshop (MOODLE) \nAttended a Workshop on E-Learning Capacity Building Workshop: Be a Competitive Teacher with the help of \nMOODLE organized by Mohammad Ali Jinnah QEC, Karachi \n \n \n \n \n \n \n     Held on May 17th, 2018, at MAJU, Karachi \n \n7. 2nd NRCMB at SZABIST \nOrganized the 2nd National Research Conference on Management and Business (NRCMB) on the theme of Building \nBridges between Industry and Academia  \n \n                                                   Held on November 24-25, 2017 at SZABIST 90, Karachi \n \n8. 2nd International CPEC Business and Research Conference (ICPEC-BRC2) \nAttended the 2-days conference on China-Pakistan Economic Corridor – An Opportunity for Economics and Social \nTransformation organized by IBA Karachi in partnership with SILC Business School, Shanghai University, China \n \n \n \n \n \n \n     Held on March 15th and 16th, 2017, IBA, Karachi  \n \n9. 14th International Conference on Statistical Sciences (ICSS-14) \nAttended ICSS 14 at Jinnah Sindh Medical University Karachi organized by ISOSS and presented 3 research papers  \n       Held on March 2016, JSMU, Karachi  \n \n10. 12th International Conference on Statistical Sciences (ICSS-12) \nAttended ICSS 12 at DOW University Karachi organized by ISOSS and presented 3 research papers  \n       Held on March 2014, DUHS, Karachi  \n \n11. Colloquium on “BIG DATA Innovation” (BDI) \nAttended 8th Annual Mathematics Colloquium on “BIG DATA Innovation” as a guest organized by IoBM  \n \n \n \n \n \n \n      Held on Feb 2014, CBM, Karachi \n \n \n12.  Postgraduate Research Tools- Research Made Easy (RME-SPSS) \nAttended HD video conference an international research workshop  \n     Organized on 29-30 Jan 2014, FAST Karachi  \n13. Participation in a workshop: “Writing Research Paper” \nJointly organized by Applied Economics Research Center (AERC) & Institute of Research Promotion (IRP) \nHeld on 16th April 2010 at AERC, University of Karachi \n14. Staff Development Program (TASK)  \nAttended 26 days program organized by the Department of Genetics, University of Karachi, and the Higher \nEducation Commission of Pakistan (HEC). \n    Held on Dec 2006 to Jan 2007 at Genetics Dept., KU   \n15. Total Quality Management (TQM) ISO9000-2001 \nAttended and certified TQM, organized by the Department of Statistics, University of Karachi collaboration with \nLakson Group of Companies from January 2004 to December 2004. \nHeld on Jan 2004 to Dec 2004 at Statistics Dept., KU   \n','2026-05-09 06:55:13'),(20,4,'uploads/Laiba Jamil.pdf','Laiba Jamil \nKarachi, Pakistan \n+92 336 131 2347 | laibajamil2007@gmail.com  \n \nPROFESSIONAL SUMMARY \nMotivated Computer Science undergraduate at FAST-NUCES with a strong foundation in \nprogramming, object-oriented design, data structures, and databases. Hands-on experience \nbuilding academic software projects in C++, Python, SQL, and web technologies. Strong \nproblem-solving mindset with interest in software engineering, backend development, and AI-\ndriven systems. Seeking internship opportunities to apply technical skills in a professional \nenvironment. \n \nEDUCATION \nFAST-NUCES, Karachi \nBachelor of Science in Computer Science | 2024 – Present \nCGPA: 3.52 / 4.00 \nRelevant Coursework: \nData Structures & Algorithms, OOP, Database Systems, Operating Systems, Artificial \nIntelligence \nKhatoon – e - Pakistan, Karachi \nIntermediate (Pre-Engineering) | 2022 – 2024 \nThe Crescent Academy \nMatric (Computer Science) | Completed 2022 \n \nTECHNICAL SKILLS \nLanguages: C++, Python, SQL, C, HTML, CSS, Assembly Language \nConcepts: OOP, Data Structures, DBMS, Algorithms, Problem Solving \nTools: Visual Studio Code, Oracle SQL, Ubuntu, Git (Basic) \nSoft Skills: Communication, Teamwork, Analytical Thinking, Time Management \n \nPROJECTS \nPacman Game | C++ / Raylib \n \nDeveloped a graphical Pac-Man game with player movement, ghost logic, and collision \ndetection. \n \nApplied object-oriented design principles for modular gameplay components. \n \nManaged game states, scoring system, and movement algorithms. \nRide Booking System | C++ \n \nBuilt a console-based ride booking system using OOP concepts. \n \nImplemented ride scheduling, fare calculation, and booking workflows. \n \nDesigned scalable modular classes for users and rides. \n4-Way Traffic Control System | Logisim \n \nDesigned an FSM-based traffic light controller with pedestrian crossing support. \n \nImplemented timer-based transitions using sequential and combinational logic. \nClothing Store Website | HTML / CSS \n \nCreated a responsive front-end e-commerce website UI. \n \nFocused on clean navigation, structured layouts, and user-friendly design. \nHangman Game | C \n \nBuilt a text-based game using loops, arrays, strings, and conditionals. \nTic-Tac-Toe Game | Assembly Language \n \nDeveloped a complete low-level game using registers, memory handling, and control \nflow. \n \nEXPERIENCE \nPrivate Tutor | Self-Employed | Karachi \n2024 – Present \n \nTaught students academic subjects through one-on-one sessions. \n \nSimplified technical and mathematical concepts for better understanding. \n \nManaged scheduling, planning, and communication independently. \n \nEXTRA INFORMATION \n \nStrong interest in Software Development and AI Applications \n \nQuick learner with collaborative mindset \n \nAvailable for internships and entry-level opportunities \n \n','2026-05-09 06:56:17'),(21,4,'uploads/Laiba Jamil.pdf','Laiba Jamil \nKarachi, Pakistan \n+92 336 131 2347 | laibajamil2007@gmail.com  \n \nPROFESSIONAL SUMMARY \nMotivated Computer Science undergraduate at FAST-NUCES with a strong foundation in \nprogramming, object-oriented design, data structures, and databases. Hands-on experience \nbuilding academic software projects in C++, Python, SQL, and web technologies. Strong \nproblem-solving mindset with interest in software engineering, backend development, and AI-\ndriven systems. Seeking internship opportunities to apply technical skills in a professional \nenvironment. \n \nEDUCATION \nFAST-NUCES, Karachi \nBachelor of Science in Computer Science | 2024 – Present \nCGPA: 3.52 / 4.00 \nRelevant Coursework: \nData Structures & Algorithms, OOP, Database Systems, Operating Systems, Artificial \nIntelligence \nKhatoon – e - Pakistan, Karachi \nIntermediate (Pre-Engineering) | 2022 – 2024 \nThe Crescent Academy \nMatric (Computer Science) | Completed 2022 \n \nTECHNICAL SKILLS \nLanguages: C++, Python, SQL, C, HTML, CSS, Assembly Language \nConcepts: OOP, Data Structures, DBMS, Algorithms, Problem Solving \nTools: Visual Studio Code, Oracle SQL, Ubuntu, Git (Basic) \nSoft Skills: Communication, Teamwork, Analytical Thinking, Time Management \n \nPROJECTS \nPacman Game | C++ / Raylib \n \nDeveloped a graphical Pac-Man game with player movement, ghost logic, and collision \ndetection. \n \nApplied object-oriented design principles for modular gameplay components. \n \nManaged game states, scoring system, and movement algorithms. \nRide Booking System | C++ \n \nBuilt a console-based ride booking system using OOP concepts. \n \nImplemented ride scheduling, fare calculation, and booking workflows. \n \nDesigned scalable modular classes for users and rides. \n4-Way Traffic Control System | Logisim \n \nDesigned an FSM-based traffic light controller with pedestrian crossing support. \n \nImplemented timer-based transitions using sequential and combinational logic. \nClothing Store Website | HTML / CSS \n \nCreated a responsive front-end e-commerce website UI. \n \nFocused on clean navigation, structured layouts, and user-friendly design. \nHangman Game | C \n \nBuilt a text-based game using loops, arrays, strings, and conditionals. \nTic-Tac-Toe Game | Assembly Language \n \nDeveloped a complete low-level game using registers, memory handling, and control \nflow. \n \nEXPERIENCE \nPrivate Tutor | Self-Employed | Karachi \n2024 – Present \n \nTaught students academic subjects through one-on-one sessions. \n \nSimplified technical and mathematical concepts for better understanding. \n \nManaged scheduling, planning, and communication independently. \n \nEXTRA INFORMATION \n \nStrong interest in Software Development and AI Applications \n \nQuick learner with collaborative mindset \n \nAvailable for internships and entry-level opportunities \n \n','2026-05-09 06:59:33');
/*!40000 ALTER TABLE `resumes` ENABLE KEYS */;
UNLOCK TABLES;

--
-- Table structure for table `users`
--

DROP TABLE IF EXISTS `users`;
/*!40101 SET @saved_cs_client     = @@character_set_client */;
/*!50503 SET character_set_client = utf8mb4 */;
CREATE TABLE `users` (
  `user_id` int NOT NULL AUTO_INCREMENT,
  `full_name` varchar(100) NOT NULL,
  `email` varchar(100) NOT NULL,
  `password_hash` varchar(255) NOT NULL,
  `role` enum('admin','recruiter','candidate') NOT NULL,
  `created_at` timestamp NULL DEFAULT CURRENT_TIMESTAMP,
  PRIMARY KEY (`user_id`),
  UNIQUE KEY `email` (`email`)
) ENGINE=InnoDB AUTO_INCREMENT=7 DEFAULT CHARSET=utf8mb4 COLLATE=utf8mb4_0900_ai_ci;
/*!40101 SET character_set_client = @saved_cs_client */;

--
-- Dumping data for table `users`
--

LOCK TABLES `users` WRITE;
/*!40000 ALTER TABLE `users` DISABLE KEYS */;
INSERT INTO `users` VALUES (1,'Test Admin','admin@recroot.com','scrypt:32768:8:1$nb5sC9mvvMGVEVas$2ef752fa6fec45ccf39bf7b1e693716aa0c8c65b930ea78151ecb447dfbc92df967586e9c65cb47788c1caab1db762bc48b2b26480507894cdb01e235cb1591f','admin','2026-05-08 01:39:46'),(2,'Ahmed Raza','ahmedraza@gmail.com','scrypt:32768:8:1$CrxfiwIiQzG1E6ja$424d71dc9674556d1b52184d8297ba6e28477bfd9d7b0094cfe37f6bf29c84a30c56a5287b4419fe9aedfaa3002cc479b3374205096dd118c337c953ddf56f7c','candidate','2026-05-08 03:02:14'),(3,'kazim','hello@gmail.com','scrypt:32768:8:1$gSZDohLxrkyk3Rey$8524b4e9434c7fb7ced2a21e66b742e356032667a29e83d3d1ea7d5caa8abd9edb532681b3fc66ba1fe69eb43b702031a374ef1ac3e8b5c6bfdbffd9de16eec4','recruiter','2026-05-08 06:12:38'),(4,'Hassan Recruiter','hassan@recroot.com','scrypt:32768:8:1$Ppx0qtll8uJWXKhL$a5de316784db104e69c6db87bdfcdb6c4639a9b583cf48dbc6faf591b4f2d7f930afaabb646b12c310cc676f0e62102aecc3f80503fb8a03a286bb815782499d','recruiter','2026-05-08 08:12:45'),(5,'Simal Hassan','simal.alahdal@gmail.com','scrypt:32768:8:1$vomyHixFtvT7KN4R$ced034a8ed3046bb855ef8248392dba1fc27694a1cad9927c3b4ca04b25645e5972040f312792276fcc4ad93beda1b9af6de65fd351733a5a25fc4e278f5d680','candidate','2026-05-08 10:14:13'),(6,'Laiba Jamila','k240812@nu.edu.pk','scrypt:32768:8:1$RWVpShDMyiZAyCZ4$3004fcb25ccfe87a8f08feff0eb12e01c357d11ab07fc88611dabddb4ec62419be1cbe32be3a4b54f8c6bdfc86a62eb0cc9f31f8b1af75a143f0bf9e3221b37b','candidate','2026-05-09 06:43:47');
/*!40000 ALTER TABLE `users` ENABLE KEYS */;
UNLOCK TABLES;

--
-- Temporary view structure for view `v_candidate_dashboard`
--

DROP TABLE IF EXISTS `v_candidate_dashboard`;
/*!50001 DROP VIEW IF EXISTS `v_candidate_dashboard`*/;
SET @saved_cs_client     = @@character_set_client;
/*!50503 SET character_set_client = utf8mb4 */;
/*!50001 CREATE VIEW `v_candidate_dashboard` AS SELECT 
 1 AS `user_id`,
 1 AS `full_name`,
 1 AS `email`,
 1 AS `skills`,
 1 AS `experience_years`,
 1 AS `education`,
 1 AS `total_applications`,
 1 AS `shortlisted`,
 1 AS `interviews`*/;
SET character_set_client = @saved_cs_client;

--
-- Temporary view structure for view `v_job_deadlines`
--

DROP TABLE IF EXISTS `v_job_deadlines`;
/*!50001 DROP VIEW IF EXISTS `v_job_deadlines`*/;
SET @saved_cs_client     = @@character_set_client;
/*!50503 SET character_set_client = utf8mb4 */;
/*!50001 CREATE VIEW `v_job_deadlines` AS SELECT 
 1 AS `job_id`,
 1 AS `title`,
 1 AS `deadline`,
 1 AS `formatted_deadline`,
 1 AS `days_remaining`,
 1 AS `job_summary`*/;
SET character_set_client = @saved_cs_client;

--
-- Temporary view structure for view `v_job_stats`
--

DROP TABLE IF EXISTS `v_job_stats`;
/*!50001 DROP VIEW IF EXISTS `v_job_stats`*/;
SET @saved_cs_client     = @@character_set_client;
/*!50503 SET character_set_client = utf8mb4 */;
/*!50001 CREATE VIEW `v_job_stats` AS SELECT 
 1 AS `job_id`,
 1 AS `title`,
 1 AS `company_name`,
 1 AS `total_applications`,
 1 AS `avg_ai_score`,
 1 AS `shortlisted_count`,
 1 AS `rejected_count`,
 1 AS `interview_count`*/;
SET character_set_client = @saved_cs_client;

--
-- Temporary view structure for view `v_ranked_applicants`
--

DROP TABLE IF EXISTS `v_ranked_applicants`;
/*!50001 DROP VIEW IF EXISTS `v_ranked_applicants`*/;
SET @saved_cs_client     = @@character_set_client;
/*!50503 SET character_set_client = utf8mb4 */;
/*!50001 CREATE VIEW `v_ranked_applicants` AS SELECT 
 1 AS `job_title`,
 1 AS `candidate_name`,
 1 AS `ai_score`,
 1 AS `experience_years`,
 1 AS `status`,
 1 AS `weighted_score`*/;
SET character_set_client = @saved_cs_client;

--
-- Final view structure for view `v_candidate_dashboard`
--

/*!50001 DROP VIEW IF EXISTS `v_candidate_dashboard`*/;
/*!50001 SET @saved_cs_client          = @@character_set_client */;
/*!50001 SET @saved_cs_results         = @@character_set_results */;
/*!50001 SET @saved_col_connection     = @@collation_connection */;
/*!50001 SET character_set_client      = cp850 */;
/*!50001 SET character_set_results     = cp850 */;
/*!50001 SET collation_connection      = cp850_general_ci */;
/*!50001 CREATE ALGORITHM=UNDEFINED */
/*!50013 DEFINER=`root`@`localhost` SQL SECURITY DEFINER */
/*!50001 VIEW `v_candidate_dashboard` AS select `u`.`user_id` AS `user_id`,`u`.`full_name` AS `full_name`,`u`.`email` AS `email`,`c`.`skills` AS `skills`,`c`.`experience_years` AS `experience_years`,`c`.`education` AS `education`,count(`a`.`application_id`) AS `total_applications`,sum((case when (`a`.`status` = 'shortlisted') then 1 else 0 end)) AS `shortlisted`,sum((case when (`a`.`status` = 'interview_scheduled') then 1 else 0 end)) AS `interviews` from ((`users` `u` join `candidates` `c` on((`u`.`user_id` = `c`.`user_id`))) left join `applications` `a` on((`c`.`candidate_id` = `a`.`candidate_id`))) where (`u`.`role` = 'candidate') group by `u`.`user_id`,`u`.`full_name`,`u`.`email`,`c`.`skills`,`c`.`experience_years`,`c`.`education` */;
/*!50001 SET character_set_client      = @saved_cs_client */;
/*!50001 SET character_set_results     = @saved_cs_results */;
/*!50001 SET collation_connection      = @saved_col_connection */;

--
-- Final view structure for view `v_job_deadlines`
--

/*!50001 DROP VIEW IF EXISTS `v_job_deadlines`*/;
/*!50001 SET @saved_cs_client          = @@character_set_client */;
/*!50001 SET @saved_cs_results         = @@character_set_results */;
/*!50001 SET @saved_col_connection     = @@collation_connection */;
/*!50001 SET character_set_client      = cp850 */;
/*!50001 SET character_set_results     = cp850 */;
/*!50001 SET collation_connection      = cp850_general_ci */;
/*!50001 CREATE ALGORITHM=UNDEFINED */
/*!50013 DEFINER=`root`@`localhost` SQL SECURITY DEFINER */
/*!50001 VIEW `v_job_deadlines` AS select `jobs`.`job_id` AS `job_id`,`jobs`.`title` AS `title`,`jobs`.`deadline` AS `deadline`,date_format(`jobs`.`deadline`,'%M %d, %Y') AS `formatted_deadline`,(to_days(`jobs`.`deadline`) - to_days(curdate())) AS `days_remaining`,concat(`jobs`.`title`,' - ',convert(date_format(`jobs`.`deadline`,'%b %d') using utf8mb4)) AS `job_summary` from `jobs` where (`jobs`.`status` = 'open') */;
/*!50001 SET character_set_client      = @saved_cs_client */;
/*!50001 SET character_set_results     = @saved_cs_results */;
/*!50001 SET collation_connection      = @saved_col_connection */;

--
-- Final view structure for view `v_job_stats`
--

/*!50001 DROP VIEW IF EXISTS `v_job_stats`*/;
/*!50001 SET @saved_cs_client          = @@character_set_client */;
/*!50001 SET @saved_cs_results         = @@character_set_results */;
/*!50001 SET @saved_col_connection     = @@collation_connection */;
/*!50001 SET character_set_client      = cp850 */;
/*!50001 SET character_set_results     = cp850 */;
/*!50001 SET collation_connection      = cp850_general_ci */;
/*!50001 CREATE ALGORITHM=UNDEFINED */
/*!50013 DEFINER=`root`@`localhost` SQL SECURITY DEFINER */
/*!50001 VIEW `v_job_stats` AS select `j`.`job_id` AS `job_id`,`j`.`title` AS `title`,`c`.`company_name` AS `company_name`,count(`a`.`application_id`) AS `total_applications`,avg(`a`.`ai_score`) AS `avg_ai_score`,sum((case when (`a`.`status` = 'shortlisted') then 1 else 0 end)) AS `shortlisted_count`,sum((case when (`a`.`status` = 'rejected') then 1 else 0 end)) AS `rejected_count`,sum((case when (`a`.`status` = 'interview_scheduled') then 1 else 0 end)) AS `interview_count` from ((`jobs` `j` join `companies` `c` on((`j`.`company_id` = `c`.`company_id`))) left join `applications` `a` on((`j`.`job_id` = `a`.`job_id`))) group by `j`.`job_id`,`j`.`title`,`c`.`company_name` */;
/*!50001 SET character_set_client      = @saved_cs_client */;
/*!50001 SET character_set_results     = @saved_cs_results */;
/*!50001 SET collation_connection      = @saved_col_connection */;

--
-- Final view structure for view `v_ranked_applicants`
--

/*!50001 DROP VIEW IF EXISTS `v_ranked_applicants`*/;
/*!50001 SET @saved_cs_client          = @@character_set_client */;
/*!50001 SET @saved_cs_results         = @@character_set_results */;
/*!50001 SET @saved_col_connection     = @@collation_connection */;
/*!50001 SET character_set_client      = cp850 */;
/*!50001 SET character_set_results     = cp850 */;
/*!50001 SET collation_connection      = cp850_general_ci */;
/*!50001 CREATE ALGORITHM=UNDEFINED */
/*!50013 DEFINER=`root`@`localhost` SQL SECURITY DEFINER */
/*!50001 VIEW `v_ranked_applicants` AS select `j`.`title` AS `job_title`,`u`.`full_name` AS `candidate_name`,`a`.`ai_score` AS `ai_score`,`c`.`experience_years` AS `experience_years`,`a`.`status` AS `status`,((((0.60 * coalesce(`a`.`ai_score`,0)) + (0.20 * least((coalesce(`c`.`experience_years`,0) * 10),100))) + (0.10 * (case when ((`c`.`education` is not null) and (`c`.`education` like '%BS%')) then 80 when (`c`.`education` is not null) then 60 else 0 end))) + (0.10 * 50)) AS `weighted_score` from (((`applications` `a` join `candidates` `c` on((`a`.`candidate_id` = `c`.`candidate_id`))) join `users` `u` on((`c`.`user_id` = `u`.`user_id`))) join `jobs` `j` on((`a`.`job_id` = `j`.`job_id`))) order by `j`.`job_id`,((((0.60 * coalesce(`a`.`ai_score`,0)) + (0.20 * least((coalesce(`c`.`experience_years`,0) * 10),100))) + (0.10 * (case when ((`c`.`education` is not null) and (`c`.`education` like '%BS%')) then 80 when (`c`.`education` is not null) then 60 else 0 end))) + (0.10 * 50)) desc */;
/*!50001 SET character_set_client      = @saved_cs_client */;
/*!50001 SET character_set_results     = @saved_cs_results */;
/*!50001 SET collation_connection      = @saved_col_connection */;
/*!40103 SET TIME_ZONE=@OLD_TIME_ZONE */;

/*!40101 SET SQL_MODE=@OLD_SQL_MODE */;
/*!40014 SET FOREIGN_KEY_CHECKS=@OLD_FOREIGN_KEY_CHECKS */;
/*!40014 SET UNIQUE_CHECKS=@OLD_UNIQUE_CHECKS */;
/*!40101 SET CHARACTER_SET_CLIENT=@OLD_CHARACTER_SET_CLIENT */;
/*!40101 SET CHARACTER_SET_RESULTS=@OLD_CHARACTER_SET_RESULTS */;
/*!40101 SET COLLATION_CONNECTION=@OLD_COLLATION_CONNECTION */;
/*!40111 SET SQL_NOTES=@OLD_SQL_NOTES */;

-- Dump completed on 2026-05-10 15:46:07
